"row_id","narrative","label","uncertain","reason_if_uncertain"
"1007","XXXX XXXX  paid to delete. 
XXXX XXXX paid to delete Lvnv funding no response from company, sent debt validation letter no response XXXX XXXX paid to delete XXXX XXXX send debt validation letter no response from","Debt collection","no",""
"1010","I am submitting this complaint regarding the reporting and handling of an account furnished by LVNV Funding LLC. LVNV Funding is reporting an account as a debt buyer from an original creditor. I previously disputed this account through the credit reporting agencies, and it was marked as verified. However, I was not provided with any documentation demonstrating how this account was verified or what records were used to support the accuracy of the reporting. Because LVNV Funding is not the original creditor, I requested validation of the account directly from the company. Specifically, I requested documentation showing the origin of the account, the complete account history, and proof that LVNV Funding has the legal authority to collect and report this account. To date, I have not received sufficient documentation establishing that LVNV Funding owns this account or that the account is being reported accurately. The responses provided have not included account-level documentation, proof of assignment, or records demonstrating how the account was linked to me. My concern is that the account continues to be reported based on incomplete or unsupported information, and that the verification process relied on automated responses rather than a review of actual documentation. Given that this account has been reported and verified without providing supporting records, I am requesting that this matter be reviewed to ensure that proper validation and investigation procedures were followed.","Credit reporting","no",""
"1011","3 loans XX/XX/year> -- XXXX Klarna XX/XX/year> -- XXXX Klarna XX/XX/year> -- XXXX Klarna I ask many times Klarna customer service and they said nothing was gon na be reported to my credit since Im buying a house I need clean credit and now three loans are showing in my credit. I asked customer service and they dont know what to tell me they were like no is not gon na report to your credit. Its fine just go ahead and do it so, they dont specify whats gon na be reported I was not gon na be reported.","Credit reporting","no",""
"1012","South west credit systems the  company involved calls me before  XXXX   XXXX  and nonstop throughout the day, when I ask them to send me a letter through the mail stating the debt I owe them they get offended and defensive, I ask them to set up a payment plan and they get rude, it 's just nonstop calling all day","Debt collection","no",""
"1019","XXXX XXXX or XXXX XXXX XXXX XXXX Loan # XXXX VIN XXXX Pay off letter was obtained XX/XX/22 for the amount of {$59000.00} good through XX/XX/22. 

The amount of {$59000.00} was wire transferred to the loan on XX/XX/22. The loan was paid off and closed and the title was sent to me by mail I have it in my hand with a letter from the bank stating the loan was paid in full. See attachments. 

On XX/XX/22 I reviewed loan online and the bank opened loan back up reversed the wire transfer then reposted the wire transfer for the incorrect amount of {$56000.00} reflect a outstanding balance owed of {$2400.00}. 

This is illegal and a violation of consumer protections regulations and UDAAP. 
This must be investigated and corrected asap.","Consumer loan","no",""
"1023","I am filing a complaint against Cash App ( Block, inc. ) due to inadequate customer service and unfair practices which violate the consumer financial protection act ( CFPA ). specifically Cash App failed to take timely and effective measures to prevent an address fraud on their platform leaving my account vulnerable and unprotected dispute resolution process was unfair and deceptive as they did not comply with error resolution requirements under these electronic fund transfer act ( EFTA ) And regulation E. These actions have caused significant inconvenience and financial loss and I seek appropriate redress for these violations","Money transfer or service","yes","The complaint doesn't say which transaction went wrong, so I wasn't sure. I picked Money transfer or service because the loss seems tied to a transfer. Bank account or service could fit if it's really about account security."
"1026","I asked that the loans for The XXXX XXXX XXXX XXXX XXXX be discharged since the loans fall under the Borrowers Defense Group Discharge and to send any refunds due me. To which they vaguely responded back to me with no real answers. Only that they would be happy to assist me but didnt give any answers in assisting me with my questions. So how is that being happy to assist me. They gave me the phone number to Borrowers Defense if I had questions for them- which I do not.","Consumer loan","no",""
"1029","Someone called my daughter at work trying to get information about me. Never got anything in the mail or they never called me personally.I am very sick and they scared her very much. If they never contacted me and dont even have any information regarding this debt it should be illegal for them to call my daughter when they have never sent me information or called me. This is harassment.","Debt collection","no",""
"1033","Lately I have been receiving numerous back to back calls from Valentine and Kebartas. I called back today because I have paid off one debt and was notified that I had another. Today alone there were two back to back calls at XXXX and there were others within the past few days from other numbers. I spoke with someone earlier today and was informed of the debt and stated that I would be calling back in a short time frame to settle my debt. This was earlier than the repeated calls this evening.","Debt collection","no",""
"1040","CC payment of {$47.00} due XXXX/XXXX/16. Paid {$50.00} on XXXX/XXXX/16, the next official banking day. Assessed late fees of {$35.00} by bank. Called on XXXX/XXXX/16 to complain and late fees were reversed. However, bank maintains that I still owe {$82.00} ( {$47.00} + late fees ). I have been called on five separate occasions to request immediate payment and I refused. I have asked HSBC to stop the phone calls, but they still come. I am on XXXX and paying more than {$50.00} is a financial hardship.","Credit card","yes","The writer complains about the card balance and late fee but also about the constant calls. I picked Credit card because they mostly want the amount fixed. Debt collection is possible because of the calls."
"1055","I've already provided proof to remove these accounts successfully with other credit bureaus, yet they still appear on your report, harming my credit. It's confusing and unacceptable that your bureau continues reporting these accounts, violating my rights under the Fair Credit Reporting Act and affecting my financial stability. XXXX XXXX XXXXXXXX and XXXX ( Original Creditor : XXXX XXXX ) XXXX.","Credit reporting","no",""
"1059","My current lender is Caliber Home Loans. I was contacted by Caliber approximately one year after my mortgage was issued to refinance at a lower rate. It was described as a "" no-hassle '' refinance since I was an existing customer. I filled out the refinance application and was contacted by a representative ( XXXX XXXX ). I was prequalified in XX/XX/XXXX. I received a call from an underwriter with regard to an IRS Lien on property I used to own. I informed the underwriter that the Lien had been released and forwarded a copy of the lien release. I was then informed that the release did not cover the dates in question and that they would need to request a subornation from the IRS. This all occurred in October of 2019. I then contacted my refinance representative to get an explanation with regard to my application. This was all a surprise because any lien had not been a problem when I received my mortgage in XXXX because I was on a repayment plan with the IRS and nothing had changed. Mr. XXXX said that he would check on things and get back to me. I also left messages with Mr. XXXX 's supervisor. A few weeks later I received a notice in the mail informing me that "" because I voluntarily withdrew '' my application they wanted me to answer a survey about the service I received. THIS WAS CATEGORICALLY UNTRUE. I immediately attempted to contact Mr. XXXX by telephone and e-mail and left a message requesting a response. He did not respond to my e-mail and left a message on my voicemail to call him back about the status of my refinance. That was in XX/XX/XXXX. I have called and e-mailed numerous times with no response. This week ( XX/XX/XXXX ) I sent an e-mail once again requesting an update on the status of my refinance to no avail. I believe that Caliber has engaged in unfair and deceptive trade practices with regard to my loan application and its processing and I am requesting assistance in rectifying the same.","Mortgage","no",""
"1062","I opened a XXXX with Synchrony Bank online a year or so ago. On XX/XX/year>, five days before the maturity date on the CD, I logged into my online account with Synchrony to instruct it to close the CD at maturity and to send me the proceeds at the address of record for the account. Upon doing so, I learned that there is no way to convey this instruction to Synchrony online. Literally, the only maturity instruction that the website provides is to renew the CD with Synchrony. I called the customer service number provided online and was informed that the only way that Synchrony would close the account at maturity is if I accepted a text from Synchrony AND recorded and returned to Synchrony a video of my face and a photo of my drivers license. I was then informed that Synchrony could not even do that because its system would not allow the representative to send a text to my cellphone number. I objected ( strongly ) and was informed repeatedly that this is the "" only '' way to close a CD at Synchrony. 

After demanding intervention from a supervisor and waiting for an inappropriate amount of time on hold, the customer service representative all of sudden discovered another way to close my CD at maturity. She also miraculously discovered how to send a text to my cellphone number with a security code for me to read back to her. 

I believe that Synchrony deliberately makes it frustrating and difficult to close an account to deter customers from doing so. This is harassment and, among other things, clearly is an unfair and deceptive trade practice. Frankly, this should form the basis of a consumer class action against Synchrony.","Bank account or service","no",""
"1069","Navient continues to change the amount of Current Amount Due each month. I have never been charged a late fee. However, they continually send me notices saying that because I live in a jurisdiction that has been designated as a disaster area, a temporary natural disaster forbearance has been applied to your loan ( s ) listed below. 
I have not been in a natural disaster area. If I needed help I would call. However, that changes the amount and interest even seemingly though I continue to pay and ignore the fact they are giving me forbearance. 
They do not want this loan to every be paid. They want to continue to collect higher interest. I am working hard to pay this off. 
I have heard of other complaints saying that even when they paid the loan off they continue to get bills saying they owe interest even after paying in full. 
Also they do not recognize my account number with my SS number when speaking with a representative. I only make payments by phone. I do not trust them at all. 
I always ask for a confirmation email and have saved everyone.","Consumer loan","no",""
"1070","I am a foreign citizen and I don't have a social security number. I took a mortgage from XXXX in XXXX, where I have a company. 
Some years ago XXXX transferred my mortgage to MR.COOPER. Then started a real nightmare. The company did not aloud foreign citizens without social security number to have a web account. So it was very difficult to have an Auto Pay but after several months I got it. 
At the beginning of this year with the pandemic situation, MR COOPER offered 3 months of suspended payments and I accept it. After these three months I called to autorize the Auto Pay again. They said it was impossible to do it by phone. I am outside the country and explained that. They follow the rules and kept saying that. So I start to have problems with the payments. Every month I need to call. Sometimes they charged late fees and sent threatened letters. I kept calling trying to fix this. Last time they send me a form and ask to enclosed a voided check from my Bank. I could not do it. I am out of the country, I can travel, but they are worried with my problems. 
I can't believe the USA Government keeps a company like that working in the financial market. They should be prohibited to work with foreign citizens or to take their mortgages. In a Global Market like actually we can't accept this kind of treatment. Please help me!!!","Mortgage","no",""
"1078",""" My Chase credit card ending XXXX has been charged by XXXX XXXX every month from XX/XX/XXXX through XX/XX/XXXX for an account held in someone else 's name. The charges are unauthorized I am not the XXXX account holder. I have placed a stop payment with Chase as of XX/XX/XXXX and sent a demand letter to XXXX. I am filing this complaint to ensure the unauthorized charges are reversed and Chase honors the dispute. Net amount in dispute : {$2600.00} across 31 transactions.","Credit card","no",""
"1079","My Cash App account was closed allegedly for violating their Terms of Service. When I inquired and contested this they refused to provide additional detail even when I know my account did not violate ToS after personal review. I escalated this and submitted a CFPB complaint to which they responded and requested identify verification from me to further investigate. Upon conclusion of their investigation they provided the same response that I violated ToS and continued to refuse to provide additional detail.","Bank account or service","yes","Cash App is a transfer service, but the writer only wants their closed account reviewed, not a payment fixed. I picked Bank account or service for that. Money transfer or service could also work since it's Cash App."
"1083","I have a court ordered annuity guaranteed the annuity payment {$170000.00} due XX/XX/2029 was sent to Chase XXXX {$44000.00} missing {$130000.00} I contacted XXXX XXXX XXXX XXXX they disconnected my calls policy # XXXX cant be found on the online resource. 
I notified the attorneys that filed the negligent lawsuit in NJ XXXX XXXX. 
Ive since been scammed on the internet filed an IC3 complaint and closed my chase bank account. 
Not sure why the company is in default of the court order. 
There is a gag order","Money transfer or service","yes","It's a short story and it isn't clear if the insurer or the bank lost the money. I picked Money transfer or service because the missing annuity payment needs to be found. Bank account or service could fit if it was a deposit problem."
"1088","In XX/XX/XXXX, Select Portfolio Servicing ( SPS ) claims to have sent me a letter dated XX/XX/XXXX, offering a Trial Modification Plan with a first payment due on XX/XX/XXXX. I never received this letter, so I had no opportunity to accept the plan. SPS later deemed the offer withdrawn on XX/XX/XXXX, because no payment was made. This was not due to my failure, but because I was never notified. 

A couple weeks later SPS responded to an inquiry and informed me for the first time that this XX/XX/XXXX trial plan had been offered and expired. By that time, it was too late for me to act. Because of SPSs failure to provide effective notice, I lost access to a critical foreclosure-prevention option. 

Separately, in XXXX, I applied for a mortgage assistance program. The review process lasted several months. At the final stage, I was told I was ineligible because I had previously received COVID-era assistance. This disqualifying factor should have been identified at the very beginning of the application process, not after months of delay. The delay wasted time, allowed my delinquency to grow, and increased my financial hardship.

These two issues failure of notice on the Trial Payment Plan and unreasonable delay with the assistance application demonstrate mishandling of my loan and violations of federal servicing rules that require timely, accurate information and prompt evaluation of loss mitig
ation applications.

As of now, I am at risk of foreclosure even though I have an active appeal of SPSs decision. Federal law prohibits foreclosure initiation while an appeal is pending.","Mortgage","no",""
"1089","To Whom It May Concern, On  X/XX/2017  I disputed an account reported by   XXXX   XXXX   XXXX   in the file you maintain under my Social Security number.
I was informed on   XXXX   that the item was deleted from my credit report.
Now I have discovered that the item has been reinserted on my credit report.
In accordance with the requirements of the FCRA section 611 ( a ) ( 5 ) ( B ) ( ii ), you are required to notify me of the reinsertion in writing within 5 business days.
( B ) Requirements relating to reinsertion of previously deleted material ( ii ) Notice to consumer If any information that has been deleted from a consumers file pursuant to subparagraph ( A ) is reinserted in the file, the consumer reporting agency shall notify the consumer of the reinsertion in writing not later than 5 business days after the reinsertion or, if authorized by the consumer for that purpose, by any other means available to the agency.
<P/>
I received no such notification. This is a very serious violation of the FCRA, and I reserve the right to pursue legal action for your blatant disregard for the law.
I hereby demand that you immediately delete the item from my credit report in order to avoid legal action. I am submitting this complaint separately to the Consumer Financial Protection Bureau, the Attorney Generals Office, and the BBB.
Please govern yourself accordingly.","Credit reporting","no",""
"1097","My student loans have been with XXXX since XXXX. I finished school in XXXX. 

Even though XXXX has always been servicing my loans. A company called Education Credit Management or ECMC is reporting collections on my credit report for students loans with the same exact dates that XXXX has for XXXX and XXXX for late payments on my student loans. 

I have no knowledge of ECMC. I've never signed any paperwork with them or even spoken to anyone from that company in XXXX and XXXX. I never recieved a letter, an email or any kind of correspondence to who they are. So I have no knowledge of the collections or why they're reporting fraudulent information on my credit report. 

XXXX has always serviced my student loans.","Credit reporting","no",""
"1099","On XXXX XXXX, 2017 a complaint was filed to you regarding hardship paying mortgage due to an unexplained escrow account on the mortgage account. The owner of the property wanted the escrow account to be removed from the mortgage because the total amount due was increased from {$800.00} to {$1600.00} and it exceeds the amount he is able to pay monthly. Since then, Wells Fargo will not work with us to lower the monthly payment and we are at our wit 's end. Also, Wells Fargo has not explained how the escrow is being applied, since they have included this on the mortgage. Payments are now 4 months behind, since the owner can not afford the monthly payments.","Mortgage","no",""
"1110","I opened a Wayfair Credit Card which is held by Comenity Bank. Upon opening the card I called and asked if the statements that I received would reflect the minimum monthly payments to pay the account off within the 0 % interest time frame. During that call I was told that they would. Today I opened my statement from Comenity Bank and there are {$500.00}. I called Comenity Bank and there is not 1 of the 5 people that I spoke to that A ) Explained the charges in the same fashion or B ) Were able to explain the charges at all and the fairness in which they were charged. I was referred to as a child, I was challenged to think like a consumer and be responsible and above all not given factual proof of said charges. I 100 % agree with the ability to profit on consumers, I do not agree with deception and unfair predatory treatment. When asked about their offerings for hardship during the pandemic I was advised to call after my due date without making a payment which would then incur a late fee? I was able to understand that Comenity opened 3 different promotional accounts under 1 main account and applied payments at their discretion instead of in the best fashion for the consumer.","Credit card","no",""
"1125","I already tried confronting Chime directly myself. After dealing with their people 3 times, I've already ordered a new pay card from my own work and cancelled everything having to do with them. They are a scam set up to rob as many victims as possible trying to keep them unaware. I've had a total of XXXX dollars be wrongfully taken from my account, which left me unable to spend my own money. I don't make a lot of money as is and everytime I looked for answers as to where the money went, I always ended up feeling hopeless. Their scam is within the terms of their credit card. I read to terms front to back and their entire app never mentions exact details outlining how the credit card will work. It's set up to be as confusing as possible. However, when the funds automated too transfer from your debit to your credit, surely your credit limit will not exceed XXXX dollars. I'm so very displeased with their service and am telling anyone and everyone how much chime is into extortion.","Credit card","yes","The writer mixes Chime's credit card terms with money moving from debit to credit and being stuck. I picked Credit card because they blame the credit card terms. Bank account or service is possible because of the debit balance."
"1135","My account with XXXX XXXX XXXX  was never late! I have had exceptional payment history with XXXX  XXXX and all payments were placed on Autopay. This late payment that is reporting is a result on a systematic error on their end processing my payment. This was clearly a billing error made my the company and is not a reflection of my payment experience which violates USC Code 1681eb. This error has caused severe hard to my reputation, my character, my mode of living and to my family!

I demand the late payment reported in XXXX, XXXX, XXXX and XXXX to be removed. 

They are not in compliance with the following law. 15 USC 1666b and its requirements set the standards and the guidance for a creditor to treat a payment as late, yet they are reporting a payment as late and they did not comply with the law! 15 USC 1666b ( a ) Time to make payments A creditor may not treat a payment on a credit card account under an open end consumer credit plan as late for any purpose, unless the creditor has adopted reasonable procedures designed to ensure that each periodic statement including the information required by section 1637 ( b ) of this title is mailed or delivered to the consumer not later than 21 days before the payment due date. 

XXXX XXXXXXXX XXXX Never Sent the periodic statement along with the disclosures from section 1637 ( b ).

I have requested proof that this information was mailed or delivered 21 days before the payment due date and this information was requested in good faith pursuant rule 1002 and It was never provided. This is unfair, illegal, fraudulent, and not equitable to me as a consumer! Delete the late payments from my consumer reports","Credit reporting","no",""
"1141","date it happened XX/XX/2019 Experian credit reporting agency will not let me get a credit report. They say they need to confirm my identity but their website wont work. I tried calling and they pass me around from person to person claiming my birthdate is wrong but wont help me correct it. They say to log onto thier website and submit drivers license but the website wont let me log on without confirming ID by calling.","Credit reporting","no",""
"1145","On three different occasions, I requested ( in writing ) for PMI to be removed based on XXXX ( original loan amount was $ XXXX, purchase price was $ XXXX, and the balance is $ XXXX ). As of today, the PMI still has not been removed. I made the initial request to the loan company over XXXX  months ago.","Mortgage","no",""
"1151","Case # WIth Capital One XXXX. XXXX charged me {$110.00} on three occasions I need all of the charges refunded back to me immediately. I disputed 2 of the {$110.00} charges weeks ago and haven't heard back from Capital One about it yet. So this morning XXXX  charges me again for another {$110.00} and they should have been blocked and not able to charge me any more after i disputed the last 2 charges. I have not been able to use XXXX XXXX service and asked XXXX to refund me and they have yet to do so and keep charging me. I now had to close my debit card and get a new one, so they have charged me incorrectly for something Im not being able to use ( XXXX store ), this has been going on for weeks and Capital One needs to refund me my money. I dont know why Capital One didnt put a block on the account when I disputed the last two charges of {$110.00} the representative completely dropped the ball there I had to call in again today to block the merchant XXXX I had to get a new card ordered and sent out to me because of the last irresponsibility, refund my money back immediately. This is now almost {$360.00} in question and this is causing me a lot of stress.","Bank account or service","no",""
"1152","This is a Fraudulent Debt Account, XXXX Account # XXXX, with XXXX Phone Numbers on XXXX Phone. This Fraudulent Debt Account, XXXX Account # XXXX, Is Eight Years Old. First Delinquent Date Is XXXX XXXX, XXXX Fraudulent Debt Account XXXX Account # XXXX, Has Been Deleted From XXXX, XXXX, XXXX, As Fraudulent.","Credit reporting","no",""
"1157","I opened a citibank saving account, because there was a {$25.00} promotion around XX/XX/XXXX or XX/XX/XXXX. I contacted citibank many times and it seems citibank does n't want to honor this promotion.","Bank account or service","no",""
"1165","I am writing in regards to what I feel is an illegal lending practice. Navy Federal Credit Union is attempting to collect payment for a refinance loan before there is any evidence the loan exists or funds have been sent to the prior lender ( the loan being refinanced ). In summary : 1 ) It took two weeks for Navy Federal to process the loan ( I have never had a loan take more than a day and funds have always instantly released directly to me ). This reigns true to a prior Navy Federal refining loan I received in the past.

2 ) I received an e-mail saying funds have been dispersed and a payment on the Navy Federal refinance loan is due in 14 days, yet : There is no loan listed under my Navy Federal Credit Union Loans and Lines of credit accounts.

Funds have not been applied to the loan I was refinancing. 
The receiving bank ( the loan being refinanced ) is XXXX, there is no reason they couldnt accept loan payoff electronically and instantly since this supposed transfer was bank-to-bank. 
This entire process seems strange, as I have had 7 consumer loans in my lifetime and never have funds been transferred loan to loan before, the loan funds were always issued to me, into my bank account. 
Navy Federal is saying it may take up to 30 days for XXXX to process the payment, so now I have two payments due on the same day for two different loans from two different banks on the same {$27000.00} I find it really odd that a payment is due before there is any evidence of a transaction. Typically up to 45 days is the timeframe between loan disbursement and payment due date.","Consumer loan","no",""
"1174","1. Capital one requested evidence as part of a dispute claim. I provided this three times. Apparently a letter from the device manufacturer sent via capital one 's upload url and via email is deemed as "" not received ''. Have they addressed this failure in their dispute process or given me an adequate reason why they are saying the did not receive it? No. 2. I sent a long rebuttal of the merchants documentation to Capital One. Have they reviewed and responded to points and inaccuracies raised? No. 3. I have requested, VIA THEIR PRIVACY PAGE, all marketing junk cease. Have they actioned this? No. 4. I have called their contact centre to close my account. While being transferred I was disconnected. Has anyone called me back? No. 5. Capital one have again given me a phone number which is not answered and no one calls back. Why provide this? Have they answered this? No. 6. Have they provided an adequate reason for denying my dispute? No. First denial due to it being a valid purchase. Never said it wasn't. Have they responded to this? No. 7. They have not provided ALL steps and documentation used to determine their judgement, despite stating this can be requested on their automated denial emails. Have they responded to this? No. 8. "" Contact the merchant ''. The correspondence is included as part of my evidence. Have they reviewed this? No. So, I repeat, a failure to answer a customer complaint. I feel they are lying to cover their own failures at my expense.","Credit card","yes","Capital One is handling a purchase dispute but the card type isn't named. I picked Credit card because it reads like a card charge dispute. Bank account or service could fit if a debit account paid."
"1178","I received notification that Capital One Auto Finance has reviewed my credit report again without my consent. This is the 5 time in the last several years they have reviewed my credit report. Every time they do it I contact them and tell them I am not trying to buy a car. I have told them I have no interest in doing business with them in the past, present nor future. Stop pulling my credit report. 

After filing complaints, they contact me and say they got my information from a car deal. A car deal that I did not authorize to pull my credit!","Credit reporting","no",""
"1188","This is an update to complaint #  XXXX . Online customer service a t Capital One could not provide me with the name of the individual handling my case. Capital One has charged me {$210.00} solely based on the balance transfer. Capital One said its their poli cy to charge interest. However,   XXXX   XXXX   XXXX   XXXX  stated that they sent a check to  Capital One in enou gh time so that I should not be charged any interest. We have spent much time trying to get this resolved and   XXXX    and Capital One can not seem to coordinate and fix this.","Credit card","no",""
"1200","I applied for a mortgage/HELOC with SWBC Mortgage through loan officer XXXX XXXX XXXX Throughout the process, I was given multiple contradictory explanations about the status of my application, and I later learned that the denial was not disclosed to me for a full week despite my repeated requests for information. 

The adverse action notice I eventually received in the mail is dated XX/XX/XXXX, but XXXX XXXX did not inform me of the denial until XX/XX/XXXX, despite several requests from me for updates during that time. During this period he repeatedly told me he would have an answer by the end of the day, even though my application had already been denied. This delay prevented me from seeking alternative financing and caused me to lose multiple rental opportunities while preparing to close on a newly constructed home. 

The denial letter itself is also inaccurate. It lists the wrong loan product ( cash-out refinance instead of the HELOC I applied for ), reports the wrong income, and includes a denial reason that does not match any of the explanations he provided. He verbally cited different rules ( including 120-day and 60-day listing rules ), none of which appear in the written notice. 

I repeatedly requested accurate information about the application status, the reason for denial, copies of required disclosures, and clarification of the underwriting issues he mentioned. I was not provided with clear, timely, or accurate information. The delays, miscommunication, and incorrect disclosures caused financial and logistical harm, including jeopardizing a home purchase. 

I am requesting a review of SWBC Mortgages handling of my application, the accuracy of its disclosures, and whether the company complied with federal lending and adverse action requirements.","Mortgage","no",""
"1221","I opened a new account with Discover since they had a decent interest rate and sign on bonus. 

I made a transfer ( ACH ) from my existing credit union account ( XXXX ) for XXXX and discover received it - several days later I transferred XXXX out to put into another savings account. Ever since the account has been locked I canno ADD nor REMOVE any money from the account. 

I did receive a notice to contact their fraud department which has proven useless. I have called 22 times now and been on hold for up to 3 hours on several occasions. 

I just want my XXXX ( and interest/bonus ) back at this point. I will close this account and my CC account with them as soon as I can get this money returned to me. 

Very scary not being able to access money - GLAD it is not an an emergency need right not I am out XXXX dollars. 

I found online that this apparently is a common occurrence right now- they are doing it to multiple people AND no one answers their phone line.","Bank account or service","no",""
"1223","I use Zelle between family members. Usually my husband and sister. On XX/XX/XXXX I received {$80.00} from a complete stranger. There was no reason for this person to send me money. I reported this deposit to Zelle as fraudulent. I assumed ( silly me ) they would take care of this. On XX/XX/XXXX my husband tried to Zelle me an amount for household purchases. It would not go through and my account comes up restricted and I should contact Zelle support. I did so. I was kicked up to level two support and XXXX from Zelle read me a script about how I agreed to Zelle terms of service when I opened my account and that my account was restricted because I "" violated '' one of the TOS. XXXX refused to tell me what TOS I had violated, or how I had violated them. She said this is a permanent restriction. I was treated like a criminal! This is absolute nonsense, very discriminatory and unequitable treatment. Please investigate Zelle and other similar companies for these discriminatory and unequitable policies.","Money transfer or service","yes","Zelle permanently restricted the writer after an unexplained payment. I picked Money transfer or service because they can't send or receive money. Bank account or service is possible if it's mostly about account access."
"1226","i received a letter in the mail from this collection agency trying to collect debt that i do not owe. i immediately want them to correct their record and forward this back to the original creditor so they can correct their record due to me not owing them.","Debt collection","no",""
"1237","I paid all 36 of my monthly payments and turned my leased   XXXX   XXXX   XXXX   in prior to the maturity date. It was under mileage and in show room condition. There were no dents, no scratches, no stains ... ..nothing!! We brought the car back to the dealership where we leased it (   XXXX   XXXX   in  XXXX , NY ). No one said a word about its condition or did any sort of inspection while we were there. Several months later I received a bill for {$630.00} from Hyundai Motor Finance. I knew that there would be a "" disposition fee '' of {$400.00}. However, the breakdown on the bill was so convoluted that it was impossible to determine what the additional charges were for. After speaking with a representative (   XXXX   ) today from Hyundai Motor Finance I was informed that there was damage to the front right bumper. There were NO damages when we turned it in, and since the "" inspection '' was done outside our presence I can only assume that IF they found damage, it happened after we turned the car in. They claim to have photos, but I have to assume that they are not photos of the car I turned in. I contend that these charges are bogus and Hyundai 's way of making money from consumers. I am refusing to pay for damages that were not there, and I do n't trust that this company might have 'manufactured ' this to collect a few extra bucks. I will pay the 'disposition fee ', but I am not paying for damages that were not there.","Consumer loan","yes","The charges come from returning a leased car, and leasing isn't one of the labels. I picked Consumer loan as the closest to car financing. Debt collection is possible because the bill asks for payment."
"1246","I have a credit card with my Regions bank. I paid off the balance of that card on XX/XX/23 in the amount of {$9500.00}. I then get another bill of {$120.00} on XX/XX/23! I called them and they said this is a "" trailing interest ''. 

Paying off a full amount is a huge deal, and then seeing more bill afterwards is just not right?!!!","Credit card","no",""
"1255","I made a Purchase with a company called XXXX XXXX. It apparently is an XXXX  company selling into the US. I have no problems buying from overseas companies as I have done that in the past. 

I used PayPal to make the purchase. 

I made XXXX separate purchases. One for about XXXX XXXX  and another for XXXX XXXX. 

The items for XXXX arrived but the quality was poor. there were 5 or 6 items in this package. I kept 2 or 3 and returned 3. The total refund due me should have been XXXX XXXX. The only refunded XXXX XXXX  and kept almost XXXX XXXX  for refunds and taxes! I am still in the process of collecting the difference back. 

The second item was stuck with XXXX  customs because they had initially misclassified the amount of wool in the coat. After 30 days I assumed they had returned the item back to XXXX. 

Lo and behold I get an email from XXXX asking for Import duties for an item they delivered. I informed the merchant the item was not received that I was going to be asking what happened to my refund. 

XXXX informed them they delivered the product and I signed for it. I never signed for anything. I was travelling a lot during that time so not possible I could have signed for the item. I later had XXXX  XXXX and came back to work on XX/XX/year>. No way I signed for a package. 
How did I get a package that was delivered before the duty was paid. Doe snot even begin to make sense. 
I filed a dispute with PayPal. PayPal keeps closing the case because they received an electronic copy of a delivery from XXXX saying they delivered to my address. 

This is insane!!!!","Money transfer or service","yes","This is about an undelivered PayPal purchase and a refund, not really sending money to someone. I picked Money transfer or service because PayPal denied the dispute. Credit card could fit if a card paid, but it doesn't say."
"1257","Hi, My name is XXXX XXXX and i have been a BofA customer since XXXX and am a XXXX customer for the bank.. 



Complaint details : Last week i had put some furniture for sale and a person texted and called me showing interest to buy the furniture. The customer ( XXXX XXXX ) sent me a Cashiers Check for an amount of {$1700.00} ( {$500.00} for XXXX and {$1200.00} for transportation ). 



i deposited the check on XX/XX/XXXX and BofA took 1 day to verify and credit {$1700.00} into my account and i was asked by customer to transfer {$1200.00} to the transporting company once the check gets credited using XXXX another service provided by the Bank. 



Same day based on a call with the customer i got suspicious and asked the bank to stop the transaction of {$1200.00} ( on XXXX ) to this transportation company as it was still in processing and the movers never delivered the service as agreed. 



Late friday night ( XXXX ) i saw that {$1700.00} was being debited from my account by BofA saying that the Cashier 's check was fake. 







Issues : As a customer i trusted bank for XXXX of its services. first Cashiers Check and XXXX to do online transactions and Bank is refusing to block the {$1700.00} debit or {$1200.00} XXXX transfer. and as a customer i was cheated by a scamster. With BofA not taking responsibility and have stringent process in place it is helping scamsters to cheat lots of customers. 



Appreciate DOB helping me and other such customers from getting cheated and making Bank liable for giving scamsters loop holes that they can cheat customers. 



i have called and spoken to multiple support people from the bank and they are refusing to help. 



Thanks XXXX","Money transfer or service","yes","The writer wants a scam payment stopped and also complains about the fake check being reversed. I picked Money transfer or service because they want the outgoing payment stopped. Bank account or service could fit for the deposit part."
"1258","I am writing to formally express my concerns regarding XXXX handling of disputes, particularly in the light of the recent CFPB lawsuit highlighting significant issues with the platform. Despite using Zelle numerous times and reporting discrepancies, my financial institution and Zelle failed to investigate my claims adequately. They informed me that recovering lost funds was impossible and that tracking these transactions was unfeasible. The CFPBs findings indicate that Zelle has not only neglected to protect consumers but has also allowed repeat offenders to exploit the system, leaving users vulnerable to scams. The lack of accountability and transparency is unacceptable and raises concerns about consumer safety.","Money transfer or service","no",""
"1261","The company involved is cash app. I have a {$18.00} balance that I got in XX/XX/year>. I have been trying to withdraw my funds and I always get an error message saying my account is suspended. I have messaged support on numerous occasions. Each time Cash App says they have escalated the issue and someone will email me. Nobody ever contacts me back. Every time they give me the same excuse that the issue is escalated but they never fix the problem","Bank account or service","yes","Cash App suspended the account so the writer can't withdraw their balance, and no specific transfer is mentioned. I picked Bank account or service for access to the money. Money transfer or service is possible since it's Cash App."
"1272","I am submitting this complaint against American Credit Acceptance for servicing errors, failure to apply canceled warranty and GAP refunds, and failure to correct my contract following redemption of the vehicle. 

My vehicle was repossessed on XX/XX/XXXX, and redeemed on XX/XX/XXXX. After redemption, multiple extended warranties and ancillary products financed into my loan were canceled. Refunds were issued to the lienholder, yet my principal balance has not been accurately updated. 

Disputed Issues High Mileage Extended Warranty ( {$3300.00} ) : only {$240.00} credited GAP Coverage ( {$490.00} ) : {$410.00} sent but not applied Paintless Dent Repair ( {$600.00} ) : no refund credited Additional coverages totaling {$4800.00} canceled XX/XX/XXXX and not fully applied Despite my requests, no documentation has been provided showing cancellations, refund calculations, or application of funds. 

Requested Resolution I am requesting CFPB assistance to require American Credit Acceptance to : Reinstate or correct the contract to reflect the redeemed status of the vehicle OR, if reinstatement is not permitted, Apply all refundable amounts to the principal balance of the loan, Remove interest assessed on funds that should have been credited earlier, Provide complete documentation and correct any inaccurate credit reporting.

These actions constitute violations of : Fair Credit Billing Act ( 15 U.S.C. 1666 ) Truth in Lending Act and Regulation Z CFPB servicing accuracy requirements Unfair, Deceptive, or Abusive Acts or Practices ( UDAAP )","Consumer loan","no",""
"1274","On XXXX my vehicle was repossessed. I asked the repo agent not to take the car and was told, he had to. This did XXXX the XXXX in my apartment complex. I spoke with a service agent at Innovate auto loan services and made a payment on XXXX of {$200.00}. The agent stated if I made a payment of {$100.00} my car would be removed from repo status and I could defer any remaining past due payments. I made a payment of {$100.00} on XXXX. All calls are recorded. After the car was picked up from my residence, I spoke with a XXXX and was told after XXXX hours my car would be sent to auction. The XXXX stated my lender gave them permission to repossess my vehicle. On the contract is shows XXXX XXXX XXXX and the lender. However, XXXX XXXX XXXX stated as of XXXX an assignment of contract went to XXXX. I never received notice of this. On the contract Innovate Loan Services did send me, it shows XXXX XXXX as the lender. When I asked for an updated copy of the contract with my signature, the Innovate XXXX told me I would not be given a copy and to just make the payments needed to gain possession of my vehicle if I wanted it back. I have been requesting information via email and have not received a response in the XXXX hour turn around time they offered. I called again to Innovate Loan Services and was told I called too much and there will be no additional information that they would give me. I did request a XXXX XXXX and did not receive a response. I also requested a breakdown of how my payments were applied toward my account. I was sent statements and pay history. My end goal is to gain access to my vehicle that Innovate Loan Services dba Innovate Auto Finance or Pagaya ( XXXX XXXX ) has fraudulently obtained. And for all fees to be paid by the above name companies.","Consumer loan","no",""
"1275","In XX/XX/2021 I had a title loan with auto money of XXXX sc. I fell behind on a payment because of the pandemic and loosing my job and they called one of the references listed on my application. They pretended to be a doctors office calling about a family member that passed away that had left a living will asking for my address where I was located to send me the money the family member left in the will. I called this number back, and asked if it was auto money, they said yes, and when I told them my name, they hung up. They misrepresented their business and pretended to be a doctors office illegally for address information. I also offered to make weekly payments before the repossion happened on XX/XX/XXXX but they refused even though they were well aware of my situation and was constantly in contact with me","Debt collection","no",""
"1277","I would like to dispute specific records in my credit file that appear to be unrelated to me, the fact that I appear to have signed any agreements, and the fact that I may have been the victim of identity theft. The items I'm contesting have nothing to do with any of the transactions I've finished or authorized to get products, services, or money. Please remove the following items. 

XXXX XXXX Balance : {$0.00} XXXX XXXX XXXX Balance : {$43000.00} XXXX XXXX XXXX Balance : {$0.00}","Credit reporting","no",""
"1278","I AM WRITING DELETE THE FOLLOWING INFORMATION IN MY FILE THE ITEMS I NEED DELETED ARE LISTED IN THE REPORT. I AM VICTIM OF IDENTITY THEFT, I DEMAND THAT YALL REMOVE THESE ITEMS TO CORRECT MY CREDIT REPORT IMMEDIATELY! I HAVE REPORTED THIS TO THE FEDERAL TRADE COMMISSION AFFIDAVIT.","Credit reporting","no",""
"1280","on XX/XX/XXXX someone hacked my phone sim card and email address and was trying to reset my log in information with coinbase. I was able to catch this in time and block any transactions and changed my email and phone on the account. Coinbase suggested i immediately disable my account which I did. Till today I am trying to recover my account that has my own money and i have no response from coinbase at all. The initial tickets i submitted has a auto reply that it will be fixed in 4-5 business days. After couple weeks passed i lodged a compliant and the auto reply said i will hear back in 15 business days and if they can not resolve someone will contact me to ask for extension. That deadline has already passed and no response. I am very frustrated as my money is tied up in the account which i can not access. I hope you can help. This company is not helpful at all. I wonder how they can go public without any customer support. 
Thank you","Bank account or service","yes","Coinbase froze access after someone tried to hack the account. A crypto account doesn't fit the labels well. I picked Bank account or service since the writer just wants their money back. Money transfer or service is possible."
"1289","This account represents a clear breach of contract and is fraudulent in nature. The bank failed to provide me with essential information regarding this fraudulent account, which is a direct violation of my rights as a consumer. Therefore, I urgently request the Consumer Financial Protection Bureau ( CFPB ) to handle this matter directly, as the bank 's actions have resulted in significant harm to my financial well-being. The account is : CITICARDS CBNA XXXX XXXX","Credit card","yes","The account is named as CitiCards but the writer gives almost no detail about the fraud. I picked Credit card for the named account. Credit reporting is possible if it's a fake account on their report, but it isn't said."
"1294","I opened an account with Skrill ( https : //www.skrill.com ) and attempted to send {$50.00} abroad. I was told to use alternative methods of transfers, as the security system flagged me as an undesirable customer. I talked to numerous customer service representatives at skrill and was told to try "" a different browser '' or a "" different machine '', to no avail. I was never told any details of the problem - finally they offered to close my account and give me a refund.","Money transfer or service","no",""
"1295","my credit report out of the blue was placed with a collection in the amount of XXXX from XXXX XXXX by Portfolio recovery. I never had an account with XXXX. I contacted the organization and asked for a detailed copy of the original debt and they never responded. I subsequently disputed with XXXX who did not remove this charge. I have no knowledge of this debt, this was purchased by a collection agency that does not belong to me as i have asked for proof. I asked that this be removed off of all 3 reporting agencies, as i never incurred this debt nor was furnished any proof of the original debt.","Credit reporting","no",""
"1301","I have for two months had issues with XXXX XXXX  XXXX ... I have been approved for a 403b refinance so I can get a new roof post hurrican Irma. The new lender XXXX XXXX XXXX needs a letter from Loancare, just simply stating I was in a disaster forbarence from XX/XX/XXXX to XX/XX/XXXX, and prior to this had no late payments. ( Which is exactly what my records for them show ). I have spoke to 50 people, tons of supervisors, and I can't even explain the stress.. the last call someone told me that it would be illegal for the to give me this email ... everyone says they can't do anything, no supervisor will return my calls ... I just need this one XXXX thing, so I can refi, and pay for my roof! Please help","Mortgage","no",""
"1325","Logged to the company website the day the payment was due. Because payment was not submitted by a crazy cut off time. I was charged a fee however if the payment was mailed or phone it has different processing times which is unfair and deceptive to consumers. I dont want to do business with such a disgusting company that harms their customers.","Credit card","yes","The writer is upset about a late fee from a payment cutoff time but doesn't say what kind of account it is. I picked Credit card because cutoff times and fees sound like a card. Consumer loan or Bank account or service could also fit."
"1329","I called XX/XX/XXXX asked that my funds be mailed to me I was told they would be to my home in 7 to 10 days here we are on the XX/XX/XXXX and my money is still in the account it 's my social security for me and my children this is all we have to live off and they are taken there time to get it to me. And said the only way for me to receive my funds is to wait for a certain department to handle the closing and mail me my checks. I do n't believe that it is being handled correctly and they should not be able to hold my funds. There should be options in how you receive your money and those options should be quick. Not to there discretion or when ever they feel like it.","Bank account or service","no",""
"1330","I am filing this complaint against Absolute Resolutions Investments , LLC ( ARI ) regarding their attempt to collect and report an alleged debt that has not been properly validated and contains inaccurate information. Lack of Proper Debt Validation ; I exercised my rights under the Fair Debt Collection Practices Act ( FDCPA ) ( 15 U.S.C. 1692g ) by requesting debt validation. ARI responded by providing a loan agreement, but they failed to include a signed contract or verifiable proof of my e-signature. Under 15 U.S.C. 7001 ( c ) of the E-Sign Act, electronic signatures require an audit trail proving identity verification ( such as an IP address, date, and time stamp ). ARI has not provided this proof. Since they can not prove I agreed to this debt, it should not be reported on my credit file or collected upon. Inaccurate Balance Reporting ; ARI is reporting a different balance than the original charge-off amount. The original creditor, XXXX XXXX, XXXX, charged off the debt at {$1900.00}, but ARI is reporting {$1400.00} on my credit report. I also contacted XXXXXXXX XXXX XXXX XXXX the law firm representing ARI, and was told that my balance is {$350.00} more than what is currently being reported to the credit bureaus. This means ARI is engaging in false reporting and collection of an inaccurate debt amount, violating both the Fair Credit Reporting Act ( FCRA ) ( 15 U.S.C. 1681s-2 ) and the Fair Debt Collection Practices Act ( FDCPA ) ( 15 U.S.C. 1692e ( 2 ) ( A ) ).","Debt collection","yes","The debt buyer didn't prove the debt and gave different amounts, and also reported balances to the bureaus. I picked Debt collection because proving the debt comes first. Credit reporting is possible because the wrong reporting is described in detail."
"1332","To whom this may Concern, I am writing in to file a formal complaint against National Credit Adjusters. 
Amount : {$2900.00} Delinquency first reported : XX/XX/XXXX Debt buyer account This debt collections adjuster did not send me notification of alleged debt and when I researched who the collection could be for, I do know that this debt has exceeded the statue of limitations for the following states : Georgia, Kansas & Virginia. 

I also sent a debt verification request via certified mail requesting that they verify the debt on XX/XX/XXXX asking the debt collector to please send me a response within 15-30 business days. I have yet to receive a response. The Debt collector did how ever close the account on my credit profiles marking it paid off, however, that was not my request because I did not a will not pay them anything for an entry that should not have been placed on my credit report.","Debt collection","no",""
"1337","I am filing a complaint with the CFPB regarding Capital Ones failure to deposit my direct deposit from my employer and any other incoming deposits. Capital one has cited technical issues, which may violate the Electronic Funds Transfer Act ( ETFA ) as it requires timely assess to funds. This situation raises concerns about consumer protection laws, and I request your assistance in investigating this matter to ensure my rights are upheld. Thank you.","Bank account or service","no",""
"1338","I had an account with citizen bank in their money market division. 
I was getting 3.99 percent interest XX/XX/year> then in XXXX they made me a private client and by error dropped my rate of interest to 0.4 percent. On letting them know they corrected the error and starting XX/XX/year> I received the correct interest which is 3.99 percent. 
I have been telling them now to credit me the month of XX/XX/year> which due to their error was not the correct interest rate. They credited XXXX $ in XXXX however they were supposed to me credit around {$900.00}. They have been going back and forth and still havent credited me the amount. 
I am a private client since I have about $ XXXX in their bank however its taking so long for them to fix the problem that now I doubt their integrity for regular customers. 
Please look into it and see what can be done Thank you","Bank account or service","no",""
"1340","American Express has failed to abide by legal rights of consumers for fraudulent charges in the following ways:

""unauthorized charges. Federal law limits your responsibility for unauthorized charges to $XXXX;"" - They charged me $XXXX for a fraudulent unauthorized charge.

""charges for goods and services you didn't accept or that weren't delivered as agreed;"" - I did not accept the services and the the merchant attempted to deliver services that were substantially not as described and agreed.  The merchant also made false claims which American Express accepted without any evidence, proof or documentation.

""If the creditor determines that you owe a portion of the disputed amount, you must get a written explanation. You may request copies of documents proving you owe the money."" American Express has claimed I owe the full amount but they have not provided any written explanation or any documents proving I owe the money despite multiple requests.  I do not owe the money, I refused the services.

""If the creditor's investigation determines the bill is correct, you must be told promptly and in writing how much you owe and why. You may ask for copies of relevant documents. ""  No documentation has been provided despite multiple requests.  No reasonable explanation has provided regarding what I owe and why.  American Express has only repeated the false claims of the merchant stating that I was a ""no show"" rather than the truth that I refused the services.  There was no representative of the merchant on site that could attest to whether I showed up or not (I did).

""If you disagree with the results of the investigation, you may write to the creditor, but you must act within 10 days a","Credit card","no",""
"1343","I had a credit card with XXXX XXXX XXXX until I became XXXX in XX/XX/XXXX. I settled the account with the bank for a lesser amount when I had no regular income in approximately XX/XX/XXXX.

In XXXX, I was contacted by USI Solutions Inc. alleging the account was assigned to them in the amount of {$4900.00} and demanding payment.

Pennsylvania has a 7 year statute of limitations, and the debt was settled. I lost all records of the original account in a house fire in XXXX.","Debt collection","no",""
"1344","I was applying for a refinance of my Ditech FHA loan. I wanted to get cash out. The refi was with Ditech. I was strung along for over XXXX weeks. They kept telling me everything was good and not make the XX/XX/XXXX payment. I asked over and over again. They told the loan was good to close and about a week before started asking me for all these things that they needed. XX/XX/XXXX the day before closing they said the loan was not approved. Still have to pay my XX/XX/XXXX payment eben though I have a email saying that I dont. THEY ARE LIARS.","Mortgage","no",""
"1348","PHH returned a payment of {$2500.00} I made on XX/XX/XXXX and I just made another one for {$1000.00} They are an evil criminal organization and impossible to work with. I can bring the account current by XXXX and am acting in good faith PHH is not. There is a pending class action lawsuit against them which I intend to join. The state of PA got them for XXXX  XXXX for improperly servicing loans","Mortgage","no",""
"1354","I have been attempting to dispute a transaction -- which has since been accruing interest -- since XXXX regarding a XXXX online subscription that I initiated and then cancelled. The XXXX says that it is settled from their end, and that the only reason I could still be being charged is due to a failure on part of my card company. They will not respond to my messages ; every time I try to call their line is "" busy '' or they are "" not open '' ( even from XXXX ). I cut this card up months ago. I do not use it. And I do not want to pay this interest over a {$5.00} charge I never made months ago. I do n't know what to do.","Credit card","no",""
"1366","I am writing to formally dispute inaccuracies in my Social Security account that I believe have resulted from the breach that occurred in 2024. 

The breach has led to unauthorized access to my personal information, which is a violation of the privacy provisions outlined in 15 U.S.C. 6801. This statute emphasizes the necessity for financial institutions and other entities to safeguard consumers private information and to notify affected individuals in the event of a breach. 


Account Name : SANTANDER Account Number : XXXXXXXX XXXX XXXX XXXX XXXX  Account Name : XXXX Account Number : XXXXXXXX XXXX XXXX XXXX XXXX Account Name : XXXX XXXX ( Original Creditor : XXXXXXXX XXXX ) Account Number : XXXXXXXX XXXX XXXX","Credit reporting","yes","The writer says Social Security account breach but lists creditor accounts instead. I picked Credit reporting because the listed accounts look like items being disputed. Bank account or service could fit if the breach is the real problem."
"1369","I have been attempting to set up an escrow payment account with BMO Harris mortgage company since the beginning of the year. After a series of errors and delays,, the company finally collected the amount of {$3800.00} to an escrow account. on or about XX/XX/2021. However, the company has never started my escrow payments on my monthly bills. I have made numerous calls to the Customer Service number XXXX, and am always told the issue is pending and will be resolved '' tomorrow, '' or "" next week, "" but they will not allow me to speak to the escrow department. They always say they are escalating the issue for action. 
I was promised the account would be active for XXXX, then they changed it to XXXX. Now we have missed the XXXX billing period so it is pushed to XXXX. The taxes will be due to XXXX XXXX County by XX/XX/2021 so we need to get going! I have tried to work this out with the company but nothing has been accompished.","Mortgage","no",""
"1379","In accordance with the Fair Credit Reporting act. The List of accounts below has violated my federally protected consumer rights to privacy and confidentiality under 15 USC 1681. 

Account name : XXXX from XXXX XXXX has violated my rights.

15 U.S.C 1681 section 602 A. States I have the right to privacy.

15 U.S.C 1681 Section 604 A Section : It also states a consumer reporting agency can not furnish a account without my written instructions 15 U.S.C 1681c. ( a ) ( 5 ) Section States : no consumer reporting agency may make any consumer report containing any of the following items of information Any other adverse item of information, other than records of convictions of crimes which antedates the report by more than seven years.

15 U.S.C. 1681s-2 ( A ) ( 1 ) A person shall not furnish any information relating to a consumer to any consumer reporting agency if the person knows or has reasonable cause to believe that the information is inaccurate.","Credit reporting","no",""
"1382","I had a cash app account years ago and I lost my phone and access to my account. I made a new account and the old one went inactive for years. Someone accidentally sent money to my old account and tried to get a refund. When they couldn't I contacted cash app support. My old username ( cash app tag is my name XXXX XXXX XXXX XXXX I have the exspired ATM card to the account and it literally has a picture of my face on the profile. The old phone number attached I no longer have and the email attached went inactive from no activity. They seen my ID and know it's my account. They said they tried but can't transfer my money and close the old account.","Money transfer or service","no",""
"1399","Last week I began receiving collections calls from Nationstar Mortgage concerning this month 's payment which was due on the XXXX the month, but was now the XXXX the month ( a week and half after the XXXX ). After that first call I went to their secure website, logged in and sent them an email advising them not to either call my work or cell phone in accordance with the Fair Debt Collections and Practices Act of 1974. The next day and each proceeding day after that I kept receiving collection calls from Nationstar Mortgage. I went back to retrieve that email that I had sent them and it had been deleted by Nationstar. 
The second time Nationstar called I advised them that my wife and I were advised by our Real Estate Agent not to make this month 's payment in that this may cause some difficulty somewhere in the selling process. I also advised them that I would provide Nationstar with documents showing that our house is being sold. Nationstar still kept calling and sending emails. They refused to either work with me or believe my story. 
In short, Nationstar violated the Fair Debt Collections and Practices Act of 1974 and based on that I am filing a complaint.","Debt collection","yes","The writer wants the collection calls from their mortgage servicer to stop. I picked Debt collection for the calls. Mortgage is possible because the calls are about a mortgage payment and selling the house."
"1404","I am a XXXX XXXX XXXX Veteran and XXXX XXXX. I completed XXXX year and XXXX months of XXXX XXXX. I completed approximately XXXX years and XXXX months in the active reserves and XXXX XXXX. To reduce personnel, the XXXX XXXX offers a voluntary program called XXXX XXXX. What this program does is allow a veteran to voluntarily separate from XXXX XXXX into the XXXX XXXX XXXX XXXX. The XXXX must then double the amount of time owed on XXXX XXXX ( in this case XXXX years and XXXX months ) and complete this term in the active XXXX XXXX XXXX. I accomplished this. Had I known that separating from the XXXX XXXX XXXX XXXX XXXX prior to XXXX years of completing XXXX XXXX, I would have stayed and at least met this minimum requirement. 

I have purchased and/or refinanced homes XXXX times each time receiving a Certificate of Eligibility ( COE ) from the VA. Now, I am applying for a VA loan with Freedom Mortgage. Almost all areas of the process have been completed to approve the loan ; however, the VA will not issue a COE thus preventing Freedom Mortgage from completing the loan. I served my country, I am a Veteran, and I served honorably. I should be allowed to receive a COE since I have been given XXXX before as a veteran. I think this sets a precedent. The VA denied sending the form to Freedom Mortgage. The VA informed me that since I did not serve XXXX years XXXX XXXX, I am not eligible for the COE to use the VA loan benefit I was promised back in XX/XX/XXXX when I separated service to join the active XXXX XXXX XXXX voluntarily and with the Air Forces ' blessing. I XXXX from the XXXX XXXX in XX/XX/XXXX or so.","Mortgage","no",""
"1414","{$68.00} - XXXX XXXX is continuing to put old medical bills on my credit report that were removed repeatedly because I had medical insurance that covered the bill $ XXXX XXXX XXXXXXXX XXXX XXXXXXXX also is a company that continues to put a balance from a medical bill that was not only covered by my insurance but has been removed multiplies times in the last 2 weeks the dates are incorrect on both these bills and the companies need to be help accountable for this invalid information","Credit reporting","no",""
"1418","In XXXX I closed on a 2nd mortgage for the down payment on the 1st mortgage with the same lender. I made on time monthly payments through XXXX. During that time the mortgage lender changed 3 times, from XXXX XXXXXXXX XXXX XXXX XXXX, to XXXX XXXX XXXX, to XXXX and Trinity Financial Services LLC, the last lender is attempting to foreclose on the XXXX mortgage stating that I owe almost double the amount of the original loan. I believe the statute of limitations has expired on this debt and that this loan was written off as a result of the housing market crash in XXXX. TFS appears to be a less than actual mortgage lender. There's only virtual mailbox addresses form them. I believe that TFS somehow attained my information and is illegally attempting foreclosure on my house similar to property theft.","Mortgage","no",""
"1422","To Whom It May Concern, XX/XX/2023 I am submitting this complaint to dispute a debt being reported to me by XXXX XXXX XXXX, as shown on my credit report. I believe this debt is not mine, and I am requesting a full investigation by the Consumer Financial Protection Bureau due to the following issues : XXXX. The amounts and information reported are inaccurate, and do not correspond with any financial obligations I have incurred. 
XXXX. I am requesting : Full validation of the alleged debt, including a breakdown of the total amount, the original creditor, and itemized charges. 
A copy of the purchase agreement or assignment of the debt, proving the collectors legal authority to collect. 
Securitization information, including the identity of the original creditor and the full chain of title for this debt.","Debt collection","yes","The writer disputes a debt on their credit report and asks for proof and itemized charges. I picked Debt collection because the requests are aimed at the collector. Credit reporting is possible because they found the debt on the report."
"1427","On XX/XX/year> I mailed a certified letter to Resurgent/LVNV Funding requesting validation and verification of this debt. The letter was received and signed for on XX/XX/XXXX. XXXX. It appears they may have attempted to respond, but sent mail to an old address. I provided my current address on the envelop provided and on the letter addressed to them. I had informed delivery at my old address. I received an email image of the envelop sent to that address. Unfortunately, I did not physically receive the mail. This company is actually handling XXXX collection accounts being reported on my credit file XXXX XXXX XXXX XXXX XXXX XXXX I XXXX the return address on the image of mail sent to my old address and is shows to be Resurgent/LVNV Funding XXXX XXXX XXXX XXXX XXXX XXXX XXXX XXXX XXXX XXXXXXXX","Debt collection","yes","The debt buyer sent its validation reply to an old address, so the writer never got it. I picked Debt collection for the failed validation. Credit reporting is possible because the accounts are also on the credit file."
"1428","I opened a fraud claim due to fraudulent transactions on my account. My phone wallet and everything was stolen. I informed chase i didnt have my phone or wallet so I could have not made the transactions. They still only gave my half credit","Bank account or service","yes","The phone and wallet were stolen and there were fraud charges, but it doesn't say which account. I picked Bank account or service for a fraud claim on an account. Credit card is possible if they were card charges."
"1430","I was the victim of a scam in 2019, I did the police report and everything, my account was closed due to fraud, but my credit card was still open, I paid the remaining balance more than a month ago. I'm still not able to open a bank account.","Bank account or service","no",""
"1433","To whom it may concern, I noticed on my credit report, a charge for {$39.00} from credit management LP, without any notice. I never received any letters from spectrum or credit management LP. 
I called the company offering to pay the balance right away and requested it to be removed from the credit beareus. I was told all I can do is pay and I would get a paid in full letter. Then, I can file a dispute but nothing would be guaranteed.","Credit reporting","no",""
"1437","I, XXXX XXXX, as a federally protected consumer and per the Fair Credit Reporting Act ( 15 USC 1681 ) I am now opting out of any and all authorizations that I may have given you written, unwritten, oral, verbal or nonverbal per U.S.C 6802 effective immediately and indefinitely. Barclays # XXXX","Credit reporting","yes","The writer takes back permission using credit reporting laws but doesn't say what Barclays did. I picked Credit reporting because the law they cite is about sharing information. Credit card is possible because Barclays is the only account named."
"1439","Back in XXXX 2012, my home with Greentree Loan Servicing was burned to the ground and a police report was filed. Greentree was supposed to come repossess the mobile home and took forever to do so. My mortgage was behind a few months and there was forced place insurance on the home for quite sometime. The insurance was not expired at the time of the fire, but Greentree would not acknowledge that the home had insurance. So instead of the company paying off the home with the insurance that had already been paid by them, they in return continued to lie that the home was not insured and has since kept this property on my credit report as a debt.","Mortgage","yes","The mobile home burned and the servicer messed up the insurance, but the writer also complains the debt still shows on their credit report. I picked Mortgage because the servicer has to fix the insurance and loan. Credit reporting is possible if they mainly want the entry removed."
"1440","I was an authorized user of American Express business credit card as a business manager. AMEX informed all three credit bureaus as collection account treating it as a personal account on XX/XX/XXXX affecting my credit scores drastically. We have entered in to a contract to buy a house and this reporting is affected my ability to get a housing loan. This business card account was opened XX/XX/XXXX for business purpose and it has never shown up as a personal liability on my credit reports since than. I was taken by surprise to see it apear on my personal credit report suddenly. 
Requests to pay the outstanding amount by installment on XX/XX/XXXX with AMEX failed and representative advised that the account should be closed first and than the supervisor will call with in 24 to 48 hours to discuss the options. No one ever contacted me or left a voice mail. Upon seeing thison credit report I called AMEX and I was advised to contact XXXX. After contacting XXXX I entered in to an agreement of payment and I have paid {$4200.00} as XXXX of the XXXX installments on XX/XX/XXXX under duress as no other option was available and this is causing hardships.The outstanding balance is being paid to AMEX.","Credit reporting","no",""
"1442","On XX/XX/XXXX, I attempted to pay off my loan with Capital One auto finance. They do not give clear instructions on their app, so I called their XXXX number. My payment has still not posted. When I call the XXXX number, it says their associates are not available and to call back within the hours of XXXX and XXXX central time. Those are the hours I am calling. The problem I have is that the payoff amount keeps increasing with each day the payoff is not made. I am hesitant to pay it again as I do not want to go through the headache of overpayment.","Consumer loan","no",""
"1446","I just hung up on XXXX card member service for US Bank. I have convenient checks where the registration page states fees 3 % value per amount written. I get the statement from them and I am paying 5 %. I would not of written. I have already tried calling for credit","Credit card","no",""
"1448","I was having some financial difficulty in the summer and fall of 2019 due to some natural disaster issues with my crop and property, tariff wars, etc ... Insurance covered the losses, but it was taking time. When I spoke to my student loan servicer about late payment they explained that late payment was not going affect my score. When I checked my credit report, two late payments are showing. i called the company to explain the urgency of a refinance and they said there was nothing they could do. I tried to talk to their credit department, but was told they don't accept calls. I asked to speak to management, waited on hold for quite some time, until I was told a manager would return my call, but I never received a return call.","Credit reporting","no",""
"1449","PayPal permanently banned user from using the PayPal service for false and undisclosed accusations of violations of the service 's user agreement. At no time prior to the ban being placed was the user contacted for input, explanation or self-defense, and the company refused to provide any details to the user concerning why such action was taken by company. User had no warning and no recourse.","Money transfer or service","yes","PayPal banned the user with no explanation and no transaction is described. I picked Money transfer or service because it's about using PayPal. Bank account or service is possible since it's an account access problem."
"1453","Received urgent text XX/XX/year> from Westlake Financial my car loan provider. I responded it prompted me to login to my account where they offered to delay my monthly payment from XX/XX/year> to XX/XX/year> and each month thereafter. I thought I chose to not delay my payment date, but this morning XX/XX/year>, i received an email stating that my payment date had been changed to XX/XX/year> and there would be a balloon-payment due at the end of my loan term. 
I called Westlake Financial this morning to undo this deception and spoke to XXXX. He can not calculate the balloon-payment amount. He spoke with supervisors several times. He finally responded it should be resolved with 24-72 hours. I told him that if it takes 72 hours ( XXXX XXXXXX/XX/XXXX ) my payment will be past due. Even if it gets resolved, there is no guarantee there won't be a balloon payment due at the end of term still. 
I told him I find this practice deceptive to send urgent text messages and there is no evidence of the page I viewed when I believe I chose not to change or delay my payment date.","Consumer loan","no",""
"1459","1. XX/XX/XXXX, I received a letter in the mail from XXXX, XXXX and XXXX XXXX regarding a debt from XXXX - File number XXXX. I am unfamiliar with this debt. In the letter, it states that I can request information via the mail or and email address regarding the debt and if that request is made, action can not be taken against me while that information is being sent to me. I looked the company up online and per numerous negative reviews, decided written communication was best for proof should I need it. I sent an email to the email provided in the letter and I received a bounce back email stating that my message was blocked. I checked the email address to make sure it was entered correctly, noted it was, sent another email and received the email blocked message. I went on to their website and found an email of their main contact and sent him an email requesting additional information on the account. I did not hear back. 

2. Today, XX/XX/XXXX, I received a letter in the mail from the District Court of Maryland that there will be a garnishment on my wages over this debt from XXXX. As an email was sent for additional information, all legal proceedings should have been stopped while this request was being handled but they did not comply nor was I informed they were going to court to garnish my wages. I wanted information on the account so I knew what the debt was and how to best proceed. This was not given to me as the letter stated it would.","Debt collection","no",""
"1466","I have sent certified letters to the bureau asking them to please send verification of debt that is placed on my report. To date the item still remains with no verifiable proof. Here is the item : XXXX XXXX XXXX  # XXXX. Also US Dept Of Education # XXXX.","Credit reporting","no",""
"1471","From XX/XX/2021 to XX/XX/2021 I was defrauded and scammed and led to send XXXX and wire transfer payments of around {$40000.00} to XXXX. I made formal complaints to Bank of America to dispute and rescind those funds. Bank of America wanted official phone records from my phone company XXXX but they informed me they are not able to do so. I made another complaint to reopen the account yesterday and today I was notified that my checking account at Bank of America is being closed due to "" business decision. '' Instead of helping me claim the defrauded amount they have chosen to close the account instead. I have mortgage due in XXXX days XX/XX/XXXX and they have locked my money until official account closure in XX/XX/XXXX. I can not access the funds at all for anything. To pay for food, mortgage or anything. Under the Electronic Fund Transfer Act banks should be able to help victims of scammed XXXX bank customers. Please help me.","Money transfer or service","yes","The writer first lost money to scam wires and then the bank closed and froze the account. I picked Money transfer or service because the biggest loss is the transfers. Bank account or service is possible because they urgently need their money for living costs."
"1473","On XX/XX/year>, America First Credit Union 's ( AFCU ) website on the mortgage refinance page XXXX XXXX XXXX XXXXamericafirstXXXX ) advertises "" No Closing Costs First Mortgage '' and "" No closing costs. '' However, when we received AFCU 's "" Summary of Charges and Reserves '', we saw that it listed {$8300.00} in charges ( origination fee, processing fee, tax service, flood, appraisal, title fees, lock points ). 

We pointed out the discrepancy between the "" No closing costs '' advertisement and the closing costs that appeared on the "" Summary of Charges and Reserves, '' the AFCU representative told us the "" No closing costs '' advertisement applies to home equity loans rather than mortgages. If what the AFCU representative told is is correct, then AFCU should remove the "" No closing costs '' advertisements from its mortgage refinance page ( XXXX XXXX XXXXamericafirstXXXXXXXX  ) and only include it on its home equity loan page ( XXXX XXXX XXXXamericafirst.XXXXXXXX ). 

The current advertisement is very deceptive.","Mortgage","no",""
"1493","I have four high yield savings accounts open with Synchrony Bank. Those accounts were opened with the help of my daughters, who are fully authorized to help me with my finances. In the aggregate, those accounts hold {$250000.00}. I have repeatedly called Synchrony Bank with my daughter to verify my identity. I repeatedly advised the Synchrony Bank representatives that my daughters have full authority to discuss my finances with them. On XX/XX/2023, two transfers that I scheduled from two of my non-Synchrony Bank accounts into my Synchrony Bank accounts were initiated. Today, XX/XX/2023, transfers to and from my accounts were suspended without warning or explanation. I again called Synchrony Bank again with my daughter and I again verified my identity. The Synchrony Bank representative said that my accounts were under review because they could not verify my identity, even though I had answered all the security questions they asked. Then, this afternoon, Synchrony Bank suspended access to my accounts and stated that the accounts are under review and that I may not have access to my funds for up to 60 days. This is unacceptable. Synchrony Bank does not have legal authority to confiscate my own funds from me without explanation and without recourse. I will be sending a copy of this complaint to the New York Attorney General.","Bank account or service","no",""
"1503","I have had complication with a bank transfer from XXXX XXXX to my Region stream line of credit. On XXXX XXXX XXXX a payment cleared and was processed. A review and or investigation was completed and payment was verified and was authorize. A pending payment did reach regions in the amount of {$34.00}. and the transfer amount was an even {$35.00}. regions has simply stated this is XXXX XXXX responsibility and to take it up with them. I did and no recovery has been made. Regions did no make my deposit of {$35.00} charging me {$35.00} for a returned check fee and {$35.00} for non payment and or late payment fee. leaving me in the negative of {$100.00} plus transfer fees and interest for tranfering other funds to make this account and to keep in good standing on my own. attached our screen shoot of each account thank you. 
XXXX XXXX","Consumer loan","yes","The transfer was meant to pay a line of credit, and the missing money caused loan fees. I picked Consumer loan because fixing the payment and fees is the main thing. Money transfer or service is possible because the transfer failed."
"1516","Per the 1974 Privacy Act and 15 USC 6802,6803,6804 and 6805. I requested XXXX XXXX XXXX XXXX XXXX XXXX XXXX XXXX XXXX all accounts from reporting to third-party companies such as XXXX, Equifax, XXXX, XXXX XXXX and XXXX XXXX XXXX. I am exercising my rights as a federally protected consumer under Fair Credit Reporting Act and related statues for consumer protection. I have yet to hear back from XXXX XXXX XXXX XXXX in regards to my request. I ask that they immediately remove all correspondence with any third-party agencies per my request and have all third-party agencies update their files per my request. I have never giving XXXX XXXX XXXX XXXX any permission to share my accounts with any third-party agencies. I uploaded the letter that was sent but never received a response to this demand.","Credit reporting","no",""
"1517","Hello, I saw a property online that i was interested in purchasing. 

There was a link to XXXX XXXX XXXX as a suggested company to use for the pre approval process. 

I entered my information and was contacted by XXXX XXXX, Loan Specialist via phone. 

I returned his call and spent 30 minutes giving him the information he requested to get the process started. 

He asked me for a time that he could call me back and discuss next steps. I verified that he would call me and he agreed. 

I did not receive a call back at the allotted timeslot. I waited for an hour in case there were details he was still working on. 

After the hour past i called and left him a voicemail. He waited until the end of the work day and sent me an email stating the reason he would not be able to approve my application. 

None of the numbers he based my non approval on corresponded to the request I made on the application. He entered numbers he chose that over exceeded my request by tens of thousands of dollars. I find that action totally unacceptable. 

When I reached back out to him by return email and reiterated the numbers from the original conversation, I received an email back this morning that recalculated a percentage that was again incorrect and still tens of thousands of dollars over what I requested originally. 

these practices are unethical and deceiving to the general public and should be punishable by law in my humble opinion. 

Thank you","Mortgage","no",""
"1542","BBVA Compass - I have called them XXXX times in last XXXX mo 's to get my payments to them on time. They start then stop sending me paper statements. They do not post my payments as I instruct them too. Their customer service is horrible with long phone wait times, disconnects, and lying to me about submitting my requests. I am sending in additional money to pay this XXXX yr. note off faster. They refuse to refinance me at lower rates, due to a XXXX year old bankruptcy, They put my loan in there bankruptcy dept. Which it never should have been. I can not determine if the additional principal I send them is being applied. I can not get there representatives to explain it to me as well. Every month it is a different problem. Now they say there is a XXXX $ fee for submitting payment over the phone. 
When I complained - they said "" oh your right - there is no charge ''. I have XXXX years to go on this loan, but do n't know what I owe or when it is being corrected as far as the Additional principal is concerned.","Consumer loan","yes","The writer disputes how principal was applied and some payment fees on a loan, but doesn't say if it's a home loan. I picked Consumer loan since the type isn't known. Mortgage is possible if it is a home loan."
"1544","Made a transfer to XXXX account because I dont want to bank with empower bank anymore, i linked my empower account to XXXX and initiate a transfer of {$1000.00} and {$990.00} both was posted on XX/XX/XXXX and try to withdraw my money back to my another link account which is ( found ) but my transaction was declined saying I they have to verify my account which is empower, told them my empower account is closed but you can see my name on both accounts that it belongs to mine but they did not allow me to withdraw my funds holding on to it for weeks now they said I have to open the account back which is impossible","Money transfer or service","yes","The writer moved money to a linked account and then couldn't withdraw it to another account after verification failed. I picked Money transfer or service because the outgoing transfer was blocked. Bank account or service is possible because verification and account access caused it."
"1545","We wrote and mailed our mortgage payment on XX/XX/XXXX. The company did not process the check until XX/XX/XXXX and charged us a late fee. I tried to get this reversed but they refused. I have been making various mortgage payments since XX/XX/XXXX with no late pays on my record. Now I have one and am being charged {$78.00} if late fees and I have a late on my record.

Thank you","Mortgage","no",""
"1547","Yes on XX/XX/year> my bank account got closed because someone got into my information and they sent a email to propel bank to close my account well I found out about this so I contact the bank and they told me that there is nothing I do to save my account I don't know why they didn't call me first that way I could have know about my account because I file a dispute the same time that this happened I had this account for over 3 years","Bank account or service","no",""
"1550","XX/XX/2017 I made my vehicle payment and Gold acceptance/Reliant financial just came and took my vehicle. I was never over 30 days late on any payment to them. When I called them they told me I had to pay it in full before I could get the vehicle back. Then they sold vehicle and would never send me a copy of the sales receipt from the auction house. They had my account closed as a Profit and loss charge off..now it states in collections and I have been getting charged a lot for so called unpaid balance. The original balance was {$3000.00} now it's {$8900.00}. First and foremost they took a vehicle that was being paid for every month and now they are robbing people blind. 
. -- This is paragraph is out of the F.T.C Laws of Vehical Repossession. "" Any resale of a repossessed vehicle must be conducted in a commercially reasonable manner. Your creditor doesnt have to get the highest possible price for the vehicle or even a good price. But a resale price that is below fair market value may indicate that the sale was not commercially reasonable. Commercially reasonable may depend on the standard sales practices in your area. A creditors failure to resell your car in a "" Commercially Reasonable Manner ''. may give you a claim against that creditor for damages or a defense against a deficiency judgment. "" ..I 'm sure there in violation of other things as far as false reports to the Credit Bureau as far as the account being closed but yet still charging me a fee. Also for reporting inaccurate Balances on my Credit Report. And charging me late fees on a closed account. Which to me it consider falsifying information. Which is in Violation of my Consumer right.","Consumer loan","no",""
"1560","This is a continuation of Case number : XXXX. Despite Bank of America being told several times that I do not use a voice telephone due to the pain it causes me to answer it, they called me yesterday regarding the complaint I filed. When they were again told that using the telephone causes pain, they still refused reasonable accommodation of communicating with me via fax, portal, text, or encrypted email, leaving only US Mail with its intrinsic delays. The reasoning that any of these other methods is less secure than communication over a cell phone is laughable and discriminates against XXXX people who do not use voice phones.","Bank account or service","no",""
"1563","This is my numerous request that you amend this suspicious data. I believe you have violated Sections 609 ( a ) ( 1 ) ( A ) and 611 ( a ) ( 1 ) ( A ) by failing to verify these accounts, and I will take legal action against you as a result. This was previously mentioned in my previous COMPLAINT #, and I'm including it once more. Please don't ignore my request to repair these inaccurate accounts in my file. 
XXXX XXXX XXXX XXXX XXXX XXXX XXXX XXXX XXXX XXXX XXXX XXXX XXXX XXXX XXXX XXXX XXXX XXXX XXXX XXXX XXXX XXXX XXXX XXXX XXXX XXXX XXXX","Credit reporting","no",""
"1568","I had multiple fraud charges on my account with Usaa the temp refunded them after they concluded I was at fault I have repeatedly tried to over turn the results because I did not do it and Ive been repeatedly told yes I did","Bank account or service","yes","USAA took back temporary credits for fraud, but it doesn't say if it was a bank account or a credit card. I picked Bank account or service since the account type is unclear. Credit card is possible if it was a card."
"1576","On XX/XX/XXXX XXXX XXXX with XXXX XXXX XXXX initiated a hard inquiry on my XXXX credit report without my knowledge or consent. I called XXXX XXXX and asked about the inquiry, he stated he assumed I was ready to move forward, I asked him how was I ready to move forward if I didnt fill out an application nor did I provide my Social Security number, he could not explain. My last correspondence with XXXX XXXX was on Friday XX/XX/XXXX when I inquired about his company offers and/or incentives, I have not given any one including XXXX XXXX permission or access to run my credit.","Credit reporting","no",""
"1582","I 've been trying to work with Nationstar for months now. I submitted a claim abouta month and half ago due to after several calls and promises they could not orwould not sign a form needed to change my property from a titled property to a realdeeded property after I had the work done to do so. Since I could get the formsigned I went to bank and borrowed the money to pay the Mortgage off on XXXX/XXXX/15, then I would n't need the form signed a lien holder anymore. Well now it 's XX/XX/XXXX15and they have yet to send a release of lien to the county tax office in order for thelien to be removed so I could have my property changed from titled to real deededproperty. I 'm been advised that they only had 30 days to do this. Their customerservice told me that and the director of register of deeds told me that. I will bechecking with an attorney I guess, not sure what else I can do. This process allstarted back XXXX/XXXX/2015 and I ca n't seem to get any results out of Nationstar whom Ialways paid on time and would like to have better results from them. I have calledthem at least 15 times and spoke with a couple different supervisors and still can'tget what I need done, but yet they have been paid in full since XXXX/XXXX/2015. They havetold me two to three different dates as to when they processed and mailed therelease of lien, but yet Register of Deeds has not received it. I even gave them tocorrect address for the register of deeds. PLEASE help with this if you can. Wouldbe nice if they overnighted the release as they stated they would when I spoke tothem on XXXX/XXXX/2015 in order to have it done in the 30 days ... DID N'T HAPPEN. 
Thank you for any help, XXXX","Mortgage","no",""
"1584","Reviewed my credit report last month and is showing ( JPMCB ) as reported balance of {$4100.00} with all National Credit Bureaus. In the past I have requested validation of this alleged account of which I have yet to receive.","Credit reporting","no",""
"1585","I monitored my account on the Bank of America mobile app and set up 3 electronic withdrawals. I waited till the withdrawals came out of my account and saw that I had a remaining balance of {$1.00}. The bank is telling me that the amount on the app is not accurate that my balance was lower and so I was charged a return fee twice for a {$100.00} payment. They told me after serval time asking if the mobile app is just flat out wrong that in order to see an accurate balance of my account I would have to log in on a laptop or desktop computer then click on a special screen that will show me an accurate balance. I asked if I could be refunded because the error was not on me and that I was misinformed by their app which is still showing the same transactions and balance that I had the day this all happened and they refused.","Bank account or service","no",""
"1586","My mortgage payment includes taxes and insurance and increased from {$3400.00} to {$4000.00} effective XX/XX/XXXX, an increase of {$630.00} a month. The increase was due to an unexplainable shortage of our escrow. However, the XXXX County Tax Assessor sent us a bill and the increase in our taxes was from {$8600.00} to {$9800.00} for that tax year, an increase of only {$98.00} a month. After requesting an explanation from Wells Fargo, we never received a response. We paid the increased mortgage payment over the next 12 months. Our mortgage increased to {$4100.00} effective XX/XX/XXXX, however these was an increase in our XXXX County taxes. Again, we asked for an explanation to no avail. We paid our XX/XX/XXXX mortgage of {$4100.00} on XX/XX/XXXX with Wells Fargo Check # XXXX. Wells Fargo cashed the check but never credited our account and thus said we were 30 days delinquent on our mortgage payments. However, we never missed a month of payments. Then, we fell behind 2 months in XXXX owing for XX/XX/XXXX and XX/XX/XXXX, however we made a payment on XX/XX/XXXX for {$8300.00} though brought us current. However, Wells sent us a statement saying that we owe {$5200.00}. We asked Wells Fargo to thoroughly review our payment history as we had proof that we made all the mortgage payments due. Wells Fargo refused to acknowledge our request. WellsFargo stopped accepting our mortgage payments in XX/XX/XXXX as they kept stating that we were delinquent. Wells Fargo never explained why they increased our escrow payment on a fixed interest rate loan and why they never credited our account for a payment that they cashed. We feel like they have no regards to our payments or mortgage contract","Mortgage","no",""
"1596","The caller will ask for my address and say they have all my information, but need me to confirm my address. They say they are calling in regards to a personal matter and will not tell what it is. I have answered their calls at least three times and told them that I will not confirm my address until the tell me what they are calling about but all they will say is that I is for personal matters.","Debt collection","yes","The caller keeps asking the writer to confirm their address without saying why, and no debt is mentioned. I picked Debt collection because it looks like someone trying to find them for a debt. Bank account or service is possible if it was about an account."
"1604","Forbearance months should count towards the XXXX waiver! I was on XXXX for years with a XXXX monthly payment that shows up as you do not have a bill for this payment period. I was told these would count towards my XXXX payments for forgiveness but now they are saying it wont. Myself and thousands of others are going through this many who were asp put into forced Forbearance due to being schools but still were making payments that now wont have those payments counted. This is ridiculous! The amount of hardships these loans have on the lives of Americans is atrocious! These are the reasons many people are so hesitant about furthering their education because you spend the rest of your life paying back loans and to be two times and taking advantage of my the department to education is completely unfair! Please fix this!! Forbearance should count!","Consumer loan","no",""
"1605","On XX/XX/year>, my Coinbase account was restricted and placed under review. I promptly submitted all the requested information to address the issue, as instructed by Coinbase. Despite complying with their requirements and providing all necessary documentation, two months have passed, and I have not received any response or update from Coinbase regarding the status of my account. 

This prolonged lack of communication has caused significant inconvenience and uncertainty for me, as I am unable to access my account or funds. 

Dates and Actions Taken : XX/XX/year> : Received notification that my account was restricted and placed under review. Submitted all required information promptly. 
XXXX XXXX  : No response or updates from Coinbase despite the two-month waiting period. 
I kindly request that Coinbase provides an update on my account status and resolves this matter as soon as possible.","Bank account or service","yes","Coinbase restricted the account and the writer's funds while reviewing, and no transfer is disputed. I picked Bank account or service for account access. Money transfer or service is possible because it's a crypto service."
"1616","I'm unaware of this debt. I didn't have an opportunity to dispute this debt. I did NOT receive proper notification. If in fact you believe you gave me proper notification then please send me the certified mail with a receipt with my signature on it stating I received it.","Debt collection","no",""
"1618","I applied for the Chase Sapphire XXXX  credit card and was denied. The denial was based on information from credit reporting agencies that included a disputed XXXX XXXX collection account, which has already been deleted by XXXX  and is currently under active dispute with XXXX  and XXXX. I have submitted formal disputes, an FTC Identity Theft Report, and a Final Demand Letter to the debt servicer, XXXX XXXX XXXX, requesting deletion and compensation. 

Additionally, there may have been data pulled from XXXX or XXXX XXXX XXXX which could include a fraudulent XXXX  XXXX XXXX account that I have formally disputed and reported as identity theft. That case is under review with XXXX  XXXX XXXX, XXXX, and XXXX. 

Despite all of this, Chase denied my application without offering an opportunity for manual review, submission of supporting documentation, or reconsideration once the disputes are resolved. The decision was made based on inaccurate, unverifiable, or incomplete data currently under formal legal and regulatory investigation.","Credit card","yes","The writer is upset that Chase denied a card application, but the denial came from disputed credit report entries. I picked Credit card because they want the application reconsidered. Credit reporting is possible since fixing the entries would solve it."
"1621","I am a Client of Keybank who has been barred from calling or entering a KeyBank Facility due to not wearing a mask in their branch. After KeyBank made an error that they refused to fix, I filed a complaint with the CPFB. After filing the complaint KeyBank 's solution was to close my accounts and "" exit '' my relationship. They closed my XXXX deposit accounts, but my mortgage, credit card and investments are still at KeyBank. I received a letter threatening me with legal action if I call or enter a Keybank facility. I can not call to get my online banking unlocked. I have also elected for online tax forms and mortgage statements. I have to send my XXXX XXXX XXXX son into the branch with cash to make the payment. 


I sent a letter to XXXX XXXX but haven't received a response in 2 months.","Bank account or service","no",""
"1630","Im writing to formally express my concerns regarding Zelle handling of disputes, particularly in light of the recent CFPB lawsuit highlighting significant issues with the platform despite using Zelle numerous times and reporting discrepancies, my financial institution and Zelle failed to investigate my claims adequately. They informed me that recovering lost funds was impossible and that tracking these transactions was unfeasible. The CFPBs findings indicate that Zelle has not only neglected to protect consumers but has also allowed repeat offenders to exploit the system, leaving users vulnerable to scams. The lack of accountability and transparency is unacceptable and raises serious concerns about consumer safety","Money transfer or service","no",""
"1640","To Whom It XXXX Concern : I am writing to formally dispute the reporting of the following Comenity Bank accounts, which are listed under various retail brands on my credit reports : Account ending in XXXX ( XXXX XXXX ) Account ending in XXXX XXXX XXXX XXXX ) Account ending in XXXX ( XXXX  XXXX XXXX  ) These accounts are reporting false late payments and inconsistent balances across XXXX, XXXX, and XXXX, in violation of the Fair Credit Reporting Act ( FCRA XXXX ( b ) ), which requires data furnishers to report accurate and consistent information. 

Additionally, XXXX has failed to provide sufficient documentation verifying that I am liable for these debts. Without such verification, these accounts are unverifiable under FCRA XXXX ( a ) and must be deleted. 

I am requesting a full investigation into the accuracy of these tradelines. If XXXX can not provide proper documentation, including signed account agreements and a full payment history, I request immediate deletion of the accounts from all XXXX  credit bureaus. 

Please confirm the results of your investigation in writing. 

Sincerely, XXXX XXXX","Credit reporting","no",""
"1644","I called Navient today to extend a program I was enrolled in called the Rate Reduction program. It basically lowered my payments and interest rate to be more affordable - I was paying around {$270.00} a month which was great. At the time I enrolled in XXXX of XXXX, I was told I could apply as many times as I needed to extend the program. I called today, XX/XX/XXXX, and the rug was pulled out from under me. I was told that based on my and my cosigners FICO scores that I was no longer eligible. I asked why, and they refused to tell me. I was told that they can not discuss MY credit report with ME. I asked for a supervisor, who told me the same and presented me with what she called interest only payments which were only {$45.00} less than my full monthly payment which makes absolutely no sense. I pressed and continued to ask why this was happening, telling them that I was told in  XX/XX/XXXX I could extend the program as many times as I wanted. I was told nothing is guaranteed and all of my questions remained unanswered. They just kept telling me about the interest only program and to talk to my co-signer. I dont see why transparency would be refused if there was something completely legal and within the rights of the loan servicer that was the reason. I feel deliberately misled and taken advantage of and I do not understand how it is legal for these huge companies ( whose revenue was XXXX XXXX dollars in XXXX   alone ) to abuse people in this way. I want answers.","Consumer loan","no",""
"1647","I went to the atm bank of america on XXXX XXXX and XXXX and the atm ran out of money to disburse, it was out of XXXX and XXXX when I tried to pull XXXX, it said error the money will be returned in 1-3 days. Its been 3 weeks.","Bank account or service","no",""
"1661","They continue to report this fraudulent account on my credit report. I also sent them a cease and desist letter which they confirmed that they received in XXXX but they still contacted me after receiving the letter by sending me a letter on XX/XX/2023 which is a FDCPA violation.","Credit reporting","yes","There are two problems here: a fake account on the credit report and contact after a cease letter. I picked Credit reporting because the fake account is the first and ongoing problem. Debt collection is possible because of the contact after the letter."
"1664","I took out a Home Equity Line of Credit with HSBC in the amount of {$33000.00} on XXXX/XXXX/XXXX. I made payments as agreed and in about XXXX began making extra principal payments monthly. The loan was paid off XXXX/XXXX/XXXX. Over 11 years, the principal was only reduced by {$7300.00} despite the fixed interest rate of 8.55 %. In many months where extra monies were sent, that was the only amount deducted from the principal -- the rest was applied to interest. Many errors were made in charging fees not applicable to my loan ( Line Maintenance Fees ) ; in XXXX XXXX, the balance owing was raised by {$740.00} after a payment was made ; payment amounts were n't always applied correctly ; late fees were sometimes charged even though most payments were made early. Calls and/ or letters were n't responded to properly and supervisors would n't return calls. 
From what I can determine from the last 4 years of statements that I have, a minimum of {$1700.00} was charged to me in error. Additionally, the final payoff figure showed I was charged {$870.00} in interest and I 'm not sure why that would happen. I paid the amount they said I owed just to be able to get rid of the loan since it was apparent it was never going to be paid off no matter how much I sent in extra payments, nor was anyone at HSBC going to address my complaints or concerns.","Mortgage","no",""
"1687","Experian has responded to previous complaint without including new information or providing proof of signed contract with XXXX XXXX XXXX XXXX as requested. There is no original debt listed on my credit report with XXXX XXXX XXXX XXXX nor original amount owed with XXXX XXXX XXXX XXXX listed on my credit report. I have disputed having any relationship or credit with XXXX XXXX XXXX XXXX multiple times as I have not recieved any correspondence with this company before. I dispute ownership of dept entirely. I require Experian to provide proof of original signed contract in order to prove ownership and they have failed to do so on multiple occasions. I requeste Experian remove this dept from my credit report as ownership has not been proven nor original contract with XXXX XXXX XXXX XXXX been provided to me.","Credit reporting","no",""
"1688","I purchased a vehicle with a Auto loan from XXXX for the total amount of XXXX per month for 36 months over the course of this loan i had the engine fail on me i had only had the car for two months i had to hire a lawyer to get them to honor the warrantee on the engine past the engine issue it took 6 months for the car to be returned to my ownership after which i have had to take the automobile to a third party mechanic ever since and they chose to charge daily interest making my total payment XXXX a month never informing me of this change just about every operational part has had to be replaced on this automotive device the car was stole from my enclosed garage in a gated community on XX/XX/2017 at this time i had been dealing with identity theft issues to which i had PHI and PII information located within the auto the thieves did not give me the opportunity to gain access to all of my paperwork and data as a direct result of this XXXX now Bridgecrest has stolen my identity I did call my local law enforcement whom referred me to this site to file the complaint as of today 's date this loan is up to date showing they owe me XXXX","Consumer loan","no",""
"1689","On XX/XX/XXXX I initiated a XXXX transfer from my Wells Fargo account for goods and services to another XXXX member using their provided email address. Because I was using XXXX directly from my Wells Fargo app I assumed they would provide some sort of buyer protection for members using the service to complete legal and normal purchases and transactions. 
Wells Fargo includes the XXXX service directly from their website and app but is unwilling to reimburse banking members for money lost due to scams or unrecoverable goods.","Money transfer or service","no",""
"1696","Was supposed to receive a direct deposit on XX/XX/XXXX, did not receive deposit called was told it would be resolved first thing the next morning, still no deposit on XX/XX/XXXXXXXX XXXX XXXX XXXX was told now they trying to fix it as soon as possible. Let them know I need to feed my kids.","Bank account or service","no",""
"1700","I went to the drive through atm at XXXX XXXX XXXX XXXX XXXX XXXX XXXX XXXX, XXXX XXXX on XXXX between XXXX and put cash into the ATM i didnt count exact how much i put in, it was around {$900.00} the atm jammed then spit cash back out and said it couldn't take it. I took all of the cash that it spit back out. And then it said it kept the rest of my money because I did not take it within the timeframe and to contact my financial institution. ( I assume it was jammed as no more money came out ) I couldn't it and I only got around {$400.00} back so the rest of my cash was in the atm. I contacted XXXX XXXX they said to file a claim with navy Fed regarding this and I was issued a credit for $ XXXX navy Fed while they said they would look into the claim and said they would get the exact amount that was deposited as I wasn't sure of the exact amount that I put in the ATM or the exact amount that was not given back to me. Which is why I was expecting for Navy Federal to reach out to XXXX XXXX to find out the exact amount and get that ATM transaction because I did not receive a receipt. 2 days ago navy Fed revered the credit and said I benefited from the transaction .... they didn't reach out to XXXX XXXX to see the atm transaction that happened or even to get the exact amount that was put into the machine which I knoww is available. I reached back out to navy Fed 2 days ago and they got back to me today XX/XX/16 saying the same thing the claim is considered "" resolved '' which it isnt as they never got the exact amount and I'm missing my money.. I need this money I'm a single mom and how can an atm just take my money and the bank doesn't even take the time to help their customers im not trying to scam anyone. I was recorded I'm sure at the ATM when I was there. Please help me","Bank account or service","no",""
"1703","Capital One Bank is listed by XXXX XXXX as one of the companies that will wire transfer funds to XXXX ( a digital exchange ). However, my account is with Capital One 360. Cap One 360 will only do a wire transfer to a title company, checking, or savings acct. Since this is an exchange, they will not allow me to transfer my funds to XXXX. That is their policy. I tried to open an account with Capital One which is a retail bank. But I can't do it online. It has to be done in person. The nearest branch is in XXXX XXXX. I live near XXXX XXXX Because of this policy of Cap One 360, I will be forced to move my monies out of my 360 account to another banking institution. I have spoken with the Cap One customer service multiple times. They would not allow me to speak with a higher up person. They would not escalate my query. When I asked what I could do to 'make this ( transfer ) happen ', they offered no suggestions. I may as well have spoken to a brick wall. That is how I felt. I initially opened this account via XXXX XXXX years ago. This account evolved into Capital One 360. So, in the end, because I live in XXXX, I can not wire transfer my Cap One 360 funds to an exchange. This is not right. Capital One 360 is a large, international institution. They should honor my right to perform this function.","Money transfer or service","yes","Capital One 360 won't send a wire to a crypto exchange because of its policy. I picked Money transfer or service because the writer wants the wire to go through. Bank account or service is possible because the policy comes from the deposit account."
"1709","I am writing to dispute inaccurate information that has been reported on my credit report by XXXX XXXX due to the absence of a Cancellation of Debt Form ( Form XXXX ). The lack of this form has caused inaccurate and misleading information to appear on my credit report, which has negatively impacted my XXXX XXXX and financial standing. 

According to my records, there should have been a Form XXXX issued to reflect the cancellation of this debt. However, I have not received this form, which makes the information being reported to the credit bureaus inaccurate. As a result, this has led to erroneous reporting that does not accurately reflect my financial situation.","Credit reporting","no",""
"1711","reference is made to CFPB complaints XXXX and XXXX, both of which assert The Work Number 's failure to provide a copy of my full-disclosure report and their repeated ongoing delay in sending my report to me. They keep asking for asking that has already been provided, namely documentation of my identity. In all requests, I have provided copies of my State ID that has my street address as well as my date of birth on it, a copy of my passport which confims the validity of the state id, a copy of my social security card which shows my full SSN, as well as a copy of a utility bill, which shows my mailing address and service address. Even in the above mentioned CFPB complaints, they, AGAIN, ask for ID that has already been provided. I will continue to file CFPB complaints, and send letters to the AG in their state and mine, until they comply with federal law and provide a copy of my full-disclosure report.","Credit reporting","yes","The Work Number report is about employment data, not a normal credit report, so it doesn't fit well. I picked Credit reporting because the writer wants a copy of their consumer report. Bank account or service is only a loose fit."
"1722","I keep getting calls and voicemails from ( XXXX ) XXXX on my cell phone and land line about collecting a debt on payday loans that I have never taken out. The voicemail say that I am a "" person of interest '' in a time sensitive legal matter, which in other words is saying that you are being investigated by law enforcement. The company claims to be Highpoint Asset.","Debt collection","no",""
"1729","I have been asking to cancel my membership with usaa. I am being told that my membership well. Be active indefinitely and that they can remove information and cancel my accounts. But they can not cancel my membership. Claim for business purposes my membership will always stay active. Keeping my membership active is fraud. Numbers aren't accurate as they put out to collect new clients.","Bank account or service","yes","USAA won't cancel the writer's membership, and no specific account or loan is named. I picked Bank account or service for general account admin. Credit card or Consumer loan could fit if the membership is tied to one of those."
"1734","I paid XXXX on my Chase Freedom Card by accident about 6 months ago. I do my banking online and meant to pay my XXXX XXXX card. I did not use the other card at this time. 
When I discovered my error, I stopped in to the XXXX, MI Branch of Chase Bank and talked to an a man in the office. He looked up my account and said yes I see you have this credit on your Chase Freedom Account. 
I asked him to correct it and put the money in my checking account so I could pay XXXX XXXX. 
When I was in XXXX XXXX, MI, I went in to the Chase branch of the bank. This man at a desk said there was not a similar amount paid from my checking account to anybody. Therefore he said I did not pay it. It took me several calls and internet messages to get this credit removed from my Chase Freedom Card. 
Yes I want to file a complaint. I do n't know how this debit did not show in my checking account but I know I made this payment and know I meant to pay XXXX XXXX on which I had a balance because I was using this XXXX instead of my Chase Freedom. 
Now they have deducted this XXXX XXXX on my XXXX XXXX but say this was a bank error. In my XXXX years of banking, I have never had a credit posted to any credit account in my life. 
File a complaint in regards to credit card issues with chase, by going online to consumer finance.gov, phone by calling our contact center at XXXX or file complaint form which you can request by calling the contact center, or lastly by fax or mailed in letter if you choose to file by mail please have you letter include : - Name- Mailing Address- Phone Number- Company Name- Company Mailing Address- Account Number- Desired Resolution- Details of any communication you have had with the company about the issueAnd mail toConsumer Financial Protection BureauXXXX XXXX XXXX XXXX, Iowa XXXX","Credit card","no",""
"1735","On or about XX/XX/year>, Verisk ( Property Estimating Solutions ) charged my XXXX XXXX XXXX XXXX for {$2300.00} in error. On XX/XX/year>, XXXX XXXX XXXX, XXXX XXXX, confirmed in writing that the full {$2300.00} plus an additional {$39.00} would be refunded. 

I received the {$39.00} refund shortly after, but the {$2300.00} refund was never processed. After multiple phone calls and emails, Verisk stated on XX/XX/year> that they would now issue the refund by paper check in XXXX weeks, rather than crediting the original payment method. In that same message, they reduced the refund to {$2300.00}, stating only that for some reason they took out {$39.00} of the balance. I had already received that {$39.00} refund separately, so the reduction is unexplained. 

This means Verisk has acknowledged the charge was an error but has delayed refunding my funds for more than a month, intends to delay at least two additional months, and is refunding less than the original amount owed.

The actions of Verisk have caused financial harm to me as a small-business customer by holding funds they admit are not theirs to keep. Their refund policy appears unreasonable and potentially deceptive, as they are retaining funds they should have immediately returned to the original payment method.","Credit card","yes","The merchant admitted the charge was a mistake and didn't send the refund, and a Capital One chargeback is mentioned without saying how they paid. I picked Credit card because the card dispute is the only fix described. Bank account or service is possible if a debit account paid."
"1742","I contacted the company on several occasions letting them know that I did not receive my bills. The company did not fix the error and continued to bill me later fees. I explained to the company that I was affected by the pandemic and that I was out of XXXX and moved into a smaller area. The company continues to say that the late fees are valid even though I never received my bills. I was relying on others to pay the bills. The company does not care about consumers ' financial hardship and never offered me a program for covid relief.","Credit card","yes","The writer disputes late fees from bills they never received, but doesn't say what the account is. I picked Credit card for a billing and fee dispute. Consumer loan or Mortgage could fit if those were the missing bills."
"1745","-- i needed a loan and was approved for {$1000.00} at {$280.00} a month for 9 months as i was told over the phone -- -- i knew this was excessive but i had an emergency and need funds quickly -- -- -- -now the company is taking {$230.00} every two weeks for 18 weeks -- this is an insane amount of money for such a small loan and i feel i was taken advantage of -- -and lied to on the phone -- i need help -- i have XXXX   children in colledge and i dont know what to do -- -- -I recieved the  funds on XX/XX/2019 {$260.00} with drawn from my account on XX/XX/2019 -- only {$4.00} towards principal {$280.00} withdrawn from my account on XX/XX/2019 -- only XXXX towards principal {$280.00} withdrawn from my account on XX/XX/2019 -- -only {$5.00} towards principal","Consumer loan","no",""
"1754","According to the FDCPA, specifically 15 US Code 1692 ( c ) ; this is my formal declaration to terminate and cease all communication from you in regard to the debt you are attempting to collect. In response to the Ceasing Communication Notice, in accordance with the Federal Fair Debt Collections Act, you may only contact me to inform me that there will be no further collection efforts or to notify me that a specific action will take place. Please be advised that I am well aware of my rights and know that any further contact by you or your company, except a communication, confirming your acknowledgment of this letter, is in violation of the FDCPA. In addition, any third party that you use to coerce the collection of this debt shall also be in violation of federal law. If you do not cease communication a lawsuit will be commenced against you.","Debt collection","no",""
"1761","I moved out XX/XX/2021 and called service provider regarding relocation service. They open new account and didnt close previous account and Ive been charged for 15 months and when my credit card was expired they just move my due to collection. And that time I realize that they didnt disconnect my previous address. 
They charge me because their representative didnt close my account when did transfer of service and they refused to refund me for that period instead they moved to collections. 
I did called to collections and tried to resolve with them but they just dont resolve the case. 
I did contact XXXX  and my case never been take care of.","Debt collection","yes","The service provider kept billing the old address after the writer moved and then sent it to collections. I picked Debt collection because collecting the disputed balance is the only conduct that fits a label. Credit card is possible because the expired card is mentioned, but no card dispute is described."
"1764","In XXXX XXXX, I enrolled in XXXX XXXX XXXX. In XXXX XXXX, Chase followed their policy and charged off my account in XXXX XXXX. In XXXX XXXX, I received XXXX XXXX 's from Chase canceling the debt owed for each card to include as income on my XXXX Tax Return. During XXXX XXXX, I reviewed my credit reports and determined all XXXX credit bureaus were still carrying the amount owed on these accounts as balances. Based upon the Indentifiable Event Code ( Box XXXX ) listed on the XXXX, Chase has marked a code of "" XXXX '' Instructions for filling out a XXXX states the following : Code G -- Decision or policy to discontinue collection. Code XXXX is used to identify cancellation of debt as a result of a decision or a defined policy of the creditor to discontinue collection activity and cancel the debt. For purposes of this identifiable event, a defined policy includes both a written policy and the creditor 's established business practice. I have attempted to dispute these items but Chase says I still owe the monies for these cards. Based upon the Identifiable Event Code, Chase has followed their policy and canceled the debt. A cancelation of the debt per the IRS is the debt is no longer valid.","Credit reporting","no",""
"1765","On XX/XX/year>, my PayPal account was taken over without authorization. 

I received PayPal security alert emails confirming that my password, security questions, phone number, and email address were changed without my consent. These changes occurred immediately before cryptocurrency held in my PayPal account was sold and withdrawn. 

My PayPal account had been dormant for over a year prior to this incident. I did not authorize any of these actions. 

I attempted to contact PayPal on XX/XX/XXXX, but customer service was unavailable due to the holiday. When I regained access to my account the following day, the cryptocurrency was gone. 

PayPal improperly classified my report as a purchase/payment dispute instead of an unauthorized account access incident and closed the case in error, stating the activity was consistent with my transaction history, which is false given the prior inactivity and the multiple security credential changes preceding the asset liquidation. 

PayPal now shows a negative balance of {$96.00} on my account, which PayPal claims I owe. This balance resulted directly from the unauthorized sale and withdrawal of crypto already held by PayPal and not from any transaction initiated by me or from my bank.","Money transfer or service","yes","The PayPal account was taken over and the crypto was sold and withdrawn, then PayPal wrongly closed the dispute. I picked Money transfer or service to get the withdrawn money back. Bank account or service is possible because account security failed first."
"1775","XX/XX/year>2025 got an alert my paycheck benefits were active ive called for months about getting my overdraft active again they constantly tell me i dont qualify even after ive sent proof in multiple times that i qualify for overdraft through my paycheck benefits they refuse to give me access to overdraft and and it states on there paycheck benefits that overdraft is included in paycheck benefits they constantly say i had an outstanding balance but they cant ever tell me how much it was after multiple times of asking how much it was last year i had overdraft payed off what was due they constantly tell me they dont have control over the overdraft system i called again yesterday about got told i didnt qualify for overdraft sent in screenshot evidence that i qualify and still get told i dont my paycheck benefits are curently active and still no access to my overdraft i qualify for i get no help from there support team i ask to speak to a supervisor about this issue constantly get told there is no manager or supervisor in the call center and that the supervisor will email me never does constantly get my first admendment right of freedom of speach","Bank account or service","no",""
"1777","I would like to file a formal complaint regarding Case # XXXX. 

-On XX/XX/year> case # XXXX was opened. 

-On XX/XX/year> an email acknowledgement of case was received with a memo that MOHELA will "" respond and acknowledge feedback within the next XXXX days. '' XXXX ( XXXX days later ) email notification notified me that MOHELA would need XXXX business days to review the case further. 

XXXX ( XXXX business days later ) I noticed the official case had been marked as closed with no further information provided. No email, written or phone updates or communications occurred yet. I called the Department of Education as well as MOHELA that date. Neither had any updates in my case. A message was sent on the Dept of Education page inquiring about the changes. 

XXXX Called MOHELA again, no documentation provided. 

XXXX Called MOHELA again, case was progressed to management and then to specialists. Advised to wait XXXX  days until any changes in my account would be seen. No documentation was provided via mail or email regarding exchange. 

XXXX ( XXXX days later, XXXX business days later ), no communication or documentation has been received either via mail, email or phone. Case is still marked as closed with no response to inquiry sent on XX/XX/year>. 

I will file a separate complaint to re-submit my inquiry on incorrect interest accrual.","Consumer loan","no",""
"1781","I applied for a trial modification and after succesfully completing my trial payments I had an issue where I could not get the final paperwork notarized because my id did not have my middle initial even thou original loan paperwork did not have it. I told my lender about issue I was having, I was told to go apply for a new id that had my middle initial on it. When I tried the dmv said I had outstanding tickets in a different state and had to clear that before I could get a new id issued. I informed my lender about this and was told not to worry, to just keep them informed and keep trying to get issue resolved. I called the state agency I was referred to to clear this issue and got issue resolved and just had to wait for the states to clear up the misunderstanding. When I called lender to give them an update they had already began foreclosure process when they said I didnt have to worry about that. My original loan paperwork did not have my middle name so I dont know why they could not isuue me paperwork without my middle name. Also The fact that I could not get a new id was not my fault as it turns out I had never set foot in other state claiming I owed tickets so I feel I should not be punished for it.","Mortgage","no",""
"1792","on XX/XX/2023 at XXXX I returned a phone call from an unknown number and reached someone who identified herself as XXXX calling from the XXXX XXXX County Court House mediation department about a debt I owed to Orchard Bank, Capital One, XXXX or Metris Bank. I told her I am not familiar with this debt and asked for the contact information of someone to talk to about it and she said that it is "" too late to talk to the Plaintiff, Orchard Bank ''. She said the case number is XXXX. I kept confirming that she was calling from the XXXX XXXX County Court House and she would answer "" yes ''. After my continued questioning she told me she would be sending my information to be sued and I said so you are not calling from the XXXX XXXX County Court and she said "" good luck to you ''. I tried calling back several times, however, she would hang up, not answer, or put me on terminal hold. Eventually I called again and someone else answered as XXXX XXXX XXXX XXXX but immediately transferred her back to her. At that point she said I owed {$1700.00} and it's too late to discuss they are suing me for the balance. I called again and a person named XXXX answered, I expressed my concerns to her and she told me me she will have the recorded call pulled and send me the original documents of the alleged debt that I don't believe I owe and is not on my credit report. XXXX also told me the supervisor there is named XXXX. I asked if someone would be calling me back about my complaint and she said yes and will be sending my original documents.","Debt collection","no",""
"1799","Midland Management sued me after the statue of limitations had run out on a credit card account that was time-barred. The card still appears as an open account on my credit report which I recently ordered. Midland Credit Management XXXX claimed that they bought the credit card account from XXXX and that makes the card a personal account now, and thus, it is no longer an open account. I have never seen anywhere in all the research that I have done that an open account becomes a personal account after it is sold. In XXXX, the statue of limitations is three years on an open account and fifteen years on a personal account. If they can claim this as their defense then how is the statue of limitations protecting consumers if rules/laws can be changed to benefit these companies that buy these accounts on XXXX cents to the dollar and then add other charges? I would be interested in knowing if this is true in other states or only in XXXX? This is hurting many working families in XXXX and I feel that it is causing more damage than the XXXX debt we are facing because these are individual families. Removing the statues of limitations as a defense against these giant corporation leaves the consumer at the mercy of these heartless and immoral company.","Debt collection","no",""
"1800","I purchased an XXXX XXXX XXXX ( Card # : XXXX ) in the amount of {$100.00} at XXXX # XXXX at XXXX XXXX XXXX XXXX XXXX XXXX XXXX CA XXXX on XX/XX/year>. This card was purchased as a gift and when the recipient opened the gift card the claim code was defaced not readable. When the recipient called XXXX to find an alternative way to use the card, they told him it was already used. XXXX and XXXX  ( Incident ID : XXXX ) declined to refund the purchase and Capital One ( Dispute Case Number : XXXX ) declined to charge-back the purchase or cover it under purchase protection. 

It appears that the card was taken by someone ; the claim code was stolen and defaced ; and then returned to the store "" visibly undamaged ''. Then I purchased and the store activated the card & the card was used by the person who stole the claim code before the person I gifted it to was able to try to use it on XX/XX/year>.","Credit card","no",""
"1804","As of XX/XX/year> my loan with together loan that is up to date and my pay off total is XXXX dollars to pay off. Now everyday I check my together loan portal fraudulent charges is being added every day to my pay off total which XXXX pay off Total, now today XXXX XXXX a new total on my account is XXXX dollars. I have email together loans why is this company keep adding fraudulent charges everyday on my pay off total, I XXXX XXXX have no received no response from Together loans.","Consumer loan","no",""
"1810","My credit report shows an opened account with XXXX XXXX XXXX. 
Account # XXXX, opened XX/XX/2016. I have already disputed this with all three credit bureaus & the XXXX company. This is fraud. I have a fraud alert on all accounts. I need this deleted off my credit report ASAP. This account & inquiry does not belong to me & I did not authorize it. I have disputed this to Experian & it still has not been removed from my credit report. This is damaging my credit & I am demanding it to be removed ASAP.","Credit reporting","no",""
"1823","I opened up my Regions bank checking account in XXXX GA on XX/XX/2021 and everything was fine, the minute I went down south on a job assignment for the XXXX  for a few days and deposited XXXX $ into my Regions account yesterday afternoon on Friday XXXX, one of the employees fraudulently called in and posed as me and had my account frozen for NO reason. It was discrimination. They asked me what was my business in South Carolina and I told them I was on A XXXX XXXX XXXX and they waited 24 hours then froze the account Saturday morning XXXX. They faked a call from me to the help desk and had it frozen for no reason.","Bank account or service","no",""
"1830","I previously disputed this account when the company contacted me, but they took XXXX months to respond and ignored the substance of my dispute. Their only defense is that I signed the loan, but they have not addressed the misrepresentation involved in the loan or provided any validation. They continued collection activity and placed the account in collections even though the loan was obtained through deceptive practices. They also reported the account to my credit report. When they contacted me again, it was only to demand payment, not to provide documentation or investigate my dispute.","Debt collection","no",""
"1831","This is not a duplicate complaint. This complaint addresses AESs failure to validate the debt under federal law after a formal dispute. I requested original documentation which has not been provided, including the signed promissory note, full account history, and borrower authorization which is under FDCPA 1692g ( b ) and FCRA 1681s-2 ( b ). AES did not provide this. Instead, they returned screenshots and system-generated summaries, which do not meet legal standards for verification.

AES is continuing to report the tradeline without providing original, signed documentation or proof of chain of assignment. This constitutes inaccurate and unverifiable reporting under FCRA 1681i and is a violation of consumer rights.

This complaint is not about deferment, hardship, or repayment plans. It is about AES failing to comply with debt validation law and continuing to furnish data to XXXX  without legal verification. This behavior also constitutes unfair, deceptive, and abusive practices ( UDAAP ) under 12 U.S.C. 5531.","Credit reporting","yes","AES didn't give the debt documents and kept reporting a student loan. I picked Credit reporting because the writer clearly complains about unverifiable reporting. Debt collection is possible because proving the debt is also a big demand."
"1836","I have been using Robinhood online account trading for several years. Several weeks ago I got an email saying that my account had been frozen. There is no way to get a hold of Robinhood on the phone. I corresponded through chat and email multiple times over several weeks. They have asked me for verification information all of which I have provided multiple times electronically. There is no fraud on my account. I am at the point now where I just want my account closed and my funds refunded. Robinhood has refused to refund my remaining balance or officially close my account. I have spent hours trying to rectify the situation unsuccessfully. Online I see that multiple other customers have had the same problems with this shady company.","Bank account or service","yes","Robinhood froze a trading account and won't release the balance, and that doesn't fit the labels well. I picked Bank account or service for getting access to the held money. Money transfer or service is possible because a refund means sending the money out."
"1843","CMRE was notified by letter almost a dozen times to provide substantiation for an alleged debt by my attorney. They failed to do so, yet suddenly added negative information to my credit report. I have tried calling them to no avail.","Debt collection","yes","The collector never proved the debt and then added a negative item to the credit file. I picked Debt collection because the repeated requests for proof are the main thing. Credit reporting is possible because the new item is the harm."
"1844","1 ) I logged into my online wells fargo banking account on XX/XX/XXXX my checking account balance was {$50.00} 2 ) Went to Wells Fargo XXXX XXXX branch in XXXX VA to file a fraud claim spoke to XXXX XXXX the manager 3 ) Looked at all transactions made and started claim was told I would get money back and my old account would be closed 4 ) Was also stated that the resolution team would take a look at all transactions and see what they could do, they would have a "" specialist '' investigate and i would receive a call from their team 5 ) The claim had every transaction starting with two transfers from my savings to my checking accounts of {$2000.00}, then two transfers of {$500.00} through XXXX to an unknown name of XXXX XXXX, everything else was transferred through increments of $ XXXX through XXXX XXXX ( an application I deleted before the money was taken ) and using a cardless ATM number and my PIN - the transactions say XXXX XXXX XXXX XXXX and XXXX XXXX XXXX GA 6 ) No one had permission to log into my online bank account or have access to any of my account information, I was never in XXXX, GA so I myself did not use my own card to take money out at an ATM. 
7 ) After the claim was finished with being filed i was set with a new checking and savings account 8 ) 10 business days later {$1000.00} in total was sent to my new bank account - XX/XX/XXXX 9 ) No call was received from resolution team, no email for contact along with no email of suspicious activity 10 ) Went back to 10 High Wells Fargo branch and was told that all my accounts were to be closed and they were not told why - XX/XX/XXXX ) A letter was received in the mail explaining, my case was to be closed along with my bank accounts because it was claimed that I did it myself or gave permission to someone else for this. - XX/XX/XXXX 26th","Bank account or service","yes","There were unauthorized transfers and ATM withdrawals, then the checking and savings accounts were closed. I picked Bank account or service because the fraud investigation and closures matter most. Money transfer or service is possible for the transfers."
"1855","On XX/XX/2022 I dispute this debt to Portfolio Recovery and also ask for debt validation. I also request to provide verification of the amount they said, I owe. They did not provide me with the original credit application as I ask. 
Portfolio Recovery respond back that they had completed our investigation of your dispute concerning this account. 
Portfolio Recovery never did a proper investigation, In accordance with Fair Credit Reporting everything has to be 100 % accurate on my credit report, how is that possible if the date open is inaccurate, last report date, date last active?

They also violated the law because according to 15 U.S.C. 1681 section 602 A. States I have the right to privacy. 15 U.S.C 1681 Section 604 A Section 2 : It also states a consumer reporting agency can not furnish an account without my written instructions, I did not give anybody written instructions.","Credit reporting","no",""
"1868","I called an requested to be set-up with an income-driven repayment plan. I provided all the information required and was approved. I provided the information to have the payments deducted from my checking account. Navient was able to withdraw the first payment without an issue. All subsequent payments were rejected due to Navient entered the banking information incorrectly. I requested that Navient reenter my banking information and paid the current amount that was due as well as payments that were missed due to their error given that I escrowed the missed monthly payments. That payments was successful withdrawn. I am now being told I do not qualify for the amount agreed upon. They stated that I get a monthly bonus from my job after reviewing my bank statement. This was the farthest from the truth. Many of the agents are difficult to deal with given they have little knowledge of how to set-up payments in their system or make changes and corrections.","Consumer loan","no",""
"1869","Our daughter was arrested and a "" cop '' called us and said that she completed a "" pre-trial release packet '' and that she would be on XXXX XXXX  and would go to a XXXX XXXX and we just needed to send the money through an FDIC insured company such as Chime. The people who called sounded like police officers and convinced us that she would be staying in a XXXX XXXX  for XXXX months. He gave us a XXXX  XXXX his name and badge number. Everything sounded legit until the money had been transferred and they transferred us to a "" XXXX ''. This was after the money was transferred and we realized it was a scam. We filed a police report and called Chime, but they would not help us so apparently scammers can use Chime without any repercussions. This was over {$450.00} because they used our love for our daughter to scam us out of money and Chime won't do anything except file an "" alleged scam ''.","Money transfer or service","no",""
"1870","For the Barclay 's Bank American Airlines Aviator Card - there is a website called American Airlines AAdvantage XXXX ( XXXX XXXX XXXX  ) where credit card holders can get extra miles for accessing vendor websites through this AAdvantage site first. 

The specific issue I am raising is in regards to how bonus miles are advertised for XXXX XXXX compared to the list of excluded products that aren't covered by the advertised bonus. 

1 - On the XXXX XXXX page, you see "" Up to 4 Miles ''. To their credit, immediately below that, is an "" Exclusions '' section where it makes it crystal clear which products are excluded from the "" Up to 4 Miles '' promotion. No problem or complaint here. 

2 - Just another screenshot showing more of the Exclusions list. No problem or complaint here. 

3 - Problem/complaint. If I do a product search on the American Airlines AAdvantage XXXX page, it pulls up multiple results, including at least 2 results from XXXX XXXX that also include text in blue that reads "" Earn up to 4 miles '', which is confusing because it makes the buyer believe that purchasing a XXXX XXXX through that link will possibly earn the customer upwards of 4 miles per dollar spent. I believe this is confusing and misleading, but not likely not intentional by the credit card company. I believe it's likely an automated process that needs to be fixed so that excluded products ( in this case - "" XXXXXXXX XXXX XXXX XXXX are not associated with bonus mileage opportunities ). 

4 - Problem/complaint. If you click on one of the XXXX XXXX links from the XXXX XXXX XXXX, you first go through this transition page before reaching the XXXX XXXXXXXX XXXX There's text at the bottom that reads "" Rewards not eligible on ... '' and "" XXXX XXXX Products '' is again listed there. So again, it's confusing and misleading given what customers see in XXXX XXXX XXXX","Credit card","yes","The complaint is about misleading bonus mile ads on a rewards site, not card billing. I picked Credit card because the site benefit is tied to the card. Bank account or service is possible as a general rewards issue, but there is no bank account here."
"1876","Beginning in approximately XX/XX/year>, my XXXX XXXX Account experienced ongoing unauthorized debit card transactions totaling over {$8000.00}. The transactions appeared as XXXX and XXXX charges and occurred repeatedly over several months as part of a fraud pattern. 

I did not authorize these transactions and was unaware of the fraud until it was discovered upon review of my account activity. I reported the unauthorized transactions immediately upon discovery and cooperated fully with the banks fraud investigation. 

The bank has refunded only transactions within the most recent 60 days and has denied reimbursement for earlier unauthorized transactions, citing Regulation E timing requirements. The bank has not adequately explained how statement availability was determined, whether the transactions were reasonably detectable, or why the ongoing and recurring nature of the fraud was not considered, particularly given that this was a XXXX XXXX  Account and not a daily-use checking account. key bank representative blamed me for not monitoring my account and refused to fully investigate unauthorized transactions totaling over $ XXXX. I dispute their relience on the 60 day rule and request a full regulation E review.

I am requesting full reimbursement of all unauthorized transactions and provisional credit while the matter is reviewed, as well as a proper investigation consistent with consumer protection requirements.","Bank account or service","no",""
"1881","Over the last several years we have had numerous difficulties and limited options for loan repayment via Sallie Mae. Our Loan originally had a cosigner in XXXX, our cosigner was a family friend and she passed in XXXX from XXXX. The company required us to supply them with a death certificate to have them removed from the loan and we were told that we were not eligible for any additional loan repayment options or programs until the cosigner was removed from the account. Since we were not direct family with our cosigner we had extreme difficulties obtaining a copy of their death certificate which resulted in us requiring alternative loan deferment options during which Sallie Mae was charging predatory interest rates of over 10 %. My original loan amount was {$13000.00} and now the loan amount is over $ XXXX just from the interest that was charged while I was still in school from XXXX and in a XXXX XXXX  XXXX. 

We finally got Sallie Mae to remove our cosigner in early XXXX, which we were told would allow for additional options for loan repayment support. That was a lie, Sallie Mae reported that the only options for support were additional forbearance or interest-only payments which are only limited-time options and do not actually support our ability to pay down the loan. We can not afford a {$1400.00} monthly payment, and they are charging an additional {$200.00} a month in interest. At this point, we feel like Sallie Mae is setting us up for failure and loan delinquency, it feels like they have no intentions of supporting us in repaying their loan. There has also been no additional support or relief options provided since the COVID-19 pandemic started and have been continuing to charge more and more interest at a predatory rate.","Consumer loan","no",""
"1883","I have contacted Transunion of several attempts about accounts that was reported to them. As I have been a victim of fraud and identity theft, I have also sent them several copies of a police report asking for them to remove the accounts : XXXX XXXX XXXX XXXX XXXX XXXX These following accounts are fraudulent and does not belong to me I have also asked that all XXXX inquiries be removed due to them being unauthorized","Credit reporting","no",""
"1890","I received a letter that shows it is from American Coradius International LLC dated XX/XX/2021. It has my name ( with my maiden name, not my legal married name ) and my address. It has an account number listed and an amount due to XXXX, XXXX. I do not own the account listed and I do not owe XXXX any money. XXXX XXXX XXXX","Debt collection","no",""
"1896","My co-borrower on my car loan refinanced my car without my consent, knowledge, or signature with Navy Federal. Had my title sent to them and put a new lien on my title by Navy Federal. Requested a name change form from Navy Federal, took it to XXXX, got it approved by Navy Federal and somehow signed my ownership solely to them. Then, re-registered my car in their name only. And my co-borrower took full possession of my car, all without my permission and signature on anything. Being that I was the primary owner of the car and on the original loan. And my name on the title. And they did this with a voided title. I had a title issued after the date of them receiving my original title. I also have an investigation open with the XXXX law enforcement.","Consumer loan","no",""
"1904","On XX/XX/XXXX, I sent a XXXX transaction to my niece, XXXX XXXX XXXX XXXX, for {$180.00} using XXXX account number XXXX, which she has held with Bank of America since XXXX. She never received the money, and it also didn't return to my account. I went with her to the bank branch, we called several times, and each time they gave different information. One day they asked me to speak with the recipient, who is my niece. She had this problem with my XXXX transaction and also with two others that she didn't receive. In my case, to avoid any loss for her, on XX/XX/XXXX, I sent a XXXX transaction of {$1.00} to test if she would receive it. Since she received that one, I sent another XXXX transaction for {$180.00}, which she also received. However, the XXXX transaction for {$180.00} has not been received to this date, and it hasn't returned to my account. She filed a complaint regarding these 3 XXXX  on this same channel, and the response she received was that the person who sent the money should file the complaint, which is why I'm here. Please help us, we don't know who else to turn to to resolve this situation. My phone number is XXXX if you need any further information. Thank you.","Money transfer or service","no",""
"1912","I sent money on XXXX XXXX for my parents and family expenses via RIA money transfer. The receipt I got from Ria Money Transfer with order number XXXX clearly stated Date Available as XX/XX/year>. Its XX/XX/year> today and RIA is arguing that it will take XXXX business days irrespective of what is mentioned in receipt. I believe this is a breach of their contract. Please see below : R XXXX P R I XXXX T Order No. : XXXX Transaction Date : XX/XX/year> XXXX AM Track your Order at www.riamoneytransfer.com/track-a-transfer SENDER Operator : Ria M XXXX XXXX XXXX Clipstone Pl, XXXX, Florida XXXX - United States XXXX Date Available : XX/XX/year> RECIPIENT BANK ACCOUNT : XXXX ( XXXX be available sooner ) XXXX XXXX XXXX XXXX XXXX Hills XXXX XXXX XXXX, XXXX, XXXX - XXXX","Money transfer or service","no",""
"1936","I called XXXX on XX/XX/year> at XXXX XXXX  ET and discussed with a customer service representative my issue. XXXX XXXX XXXX loans has since dissolved their website and phone number and I am unable to request any payment or balance information from them. I informed the representative that the balance they had on file was incorrect and was ~ {$1300.00} more than what I remember the balance being with XXXX XXXX. I requested a full payment history from the previous borrower ( XXXX XXXX ) and information on the balance at time of transfer. I informed them I would not make a payment until the balance was confirmed. I never received any mail, emails or correspondence with the information I requested. Today I noticed that a XXXX  day late notice was reported to the credit bureau 's and no XXXX or XXXX day notice was reported. This has negatively impacted my credit score to the point where I might not be able to qualify for a mortgage loan. XXXX has stated that they will not perform any "" Goodwill Requests '' and hence my credit score can not be corrected. I feel like I should have been given due process to contest the error before any negative credit reporting was sent out.","Consumer loan","yes","The writer first disputes a transferred loan balance and asks for payment history, and then complains about a late credit mark. I picked Consumer loan because checking the balance is the concrete request. Credit reporting is possible because the late mark hurts their score."
"1939","My auto loan redemption payment cleared on XX/XX/XXXX. Under XXXX  XXXX XXXX XXXX, the vehicle was required to be returned within XXXX business days, by XX/XX/XXXX. 

Despite full payment, the lenders asset/repo company has refused to release the vehicle due to an altercation at the time of me picking up my belongings. The asset company stole all of my belongings and did not inventory them, so there was a verbal altercation between myself and the car attendant. Because of this, my lender asked if I could have an authorized agent pick up the vehicle, which I agreed to. The asset company, refused to release it to my authorized agent ( my uncle ), even after the lender arranged pickup. I am being told I must wait to pick it up at an auction location, and no definitive possession date has been provided. 

It has now been more than XXXX days since payment cleared and I am still being denied possession. XXXX of a vehicle does not toll the statutory release deadline. Nor does an altercation. This constitutes wrongful retention and conversion under XXXX law. 

I am requesting investigation and enforcement of my consumer rights and immediate resolution. 
Complaint description Briefly state what you would consider a reasonable resolution from the company XXXX release of my redeemed vehicle with no additional fees and confirmation of compliance with XXXX  XXXX XXXX XXXX","Consumer loan","no",""
"1953","On XX/XX/scrub>/2025 NATIONAL RECOVERY AGENCY received a collection notice from in the amount of {$1600.00} and have not given this company consent to disclose my location information this is a direct violation of 15 USC 1692b Acquisition of location information this company should have not contacted me about an alleged debt not owed to their company without consent of the consumer.

This debt is disputed. Please delete from your information system. 15 USC 1692g validation of debts written notice by including the name of the creditor to whom the debt is owed ; the amount of the debt.","Debt collection","no",""
"1954","I have, for probably more than a year, made multiple payments on multiple cards with them, showing myself to be an excellent customer yet they refuse to increase my credit limit. I even make more money then when they gave me the card. They are just discriminatory","Credit card","no",""
"1960","XX/XX/2018 I went through financial hardship ( Lost my job ) and my account had a balance of {$870.00} with a {$1200.00} credit limit. When called by my creditor ( Which i had 2 years of On time payments with ), I described my situation and explained that i was actively looking for another Job. That I needed some time to get employed and receive my first check. I actively answered and gave updates when I found my new job. That Id be able to pay and that I only needed one more month or less for a minimal payment with my first check. I was told I needed to pay at least 2 months or the account would be closed which I couldn't afford and unfortunately it did.","Credit card","no",""
"1961","I sold a rental property at XXXX XXXX XXXX XXXX XXXX, IL XXXX. It was financed through New Rez Mortgage purchased from XXXX XXXX We Closed the property on XX/XX/XXXX at XXXX. I ordered a payoff XXXX week prior to the closing for the closing date of XX/XX/2024 with a perdiem. The closing agent used the amount of the payoff on the payoff statementand added the per diem. Apparently while this was happening New Rez Mortgage made a tax payment on an amount to XXXX XXXX XXXX that was not due until XXXX. New Rez rather than applying the payoff sent the payoff back because they said it was short. They did not notify the closing agent they were sending back the payoff. In the meantime the closing agent wire transfered the additional funds and that wire was rejected. As of today they are still charging interest on the loan and it does not show it's been paid off. The closing agent called New Rez and said they would send the payoff but they need to backdate it to XX/XX/2024. New Rez is refusing to back date the payoff even though we used their payoff letter and tried to send the excess funds.","Mortgage","no",""
"1962","I am writing to file a formal complaint against Capital One Bank ( USA ), N.A. regarding an excessive and unexplained delay in the availability of funds from a mobile check deposit, which I believe may violate the Expedited Funds Availability Act ( 12 U.S.C. 4001 et seq. ) and Regulation CC ( 12 CFR 229 ). 



On XX/XX/year>, I deposited a check for the amount of {$1000.00} into my Capital One account via their mobile banking application. My account has been open since XX/XX/year>, well beyond the 30-day threshold for new account exception holds. The bank has placed a hold on the check until XX/XX/year> ; a full XXXX calendar days ( XXXX business days ) after deposit. 



The deposited check amount was under {$5500.00}, and there is no indication that the account has experienced repeated overdrafts or that the item was suspected to be uncollectible. Furthermore, Capital One did not provide a written notice at the time of deposit or afterward explaining the reason for the extended hold or identifying the applicable exception under Regulation CC.

To my understanding, unless an exception hold applies and is properly disclosed in writing, Regulation CC requires that mobile deposits be made available no later than the second business day after deposit. The unexplained delay and failure to provide notice may therefore be in violation of federal law.","Bank account or service","no",""
"1963","I received a wells fargo 's advertisement for checking account ( Picture 1 ) and opened a wells fargo checking account in XX/XX/2017. However I didn't receive the {$300.00} checking bonus as they advertised. 

Their terms : Receive a sign up bonus of {$300.00} when you open a new Everyday or Preferred checking account with Wells Fargo and have {$1500.00} direct deposited into the account for three consecutive months within 150 days of account opening. 

Not eligible for bonus if you are : 1 ) acurrent owner on a Wells Fargo consumer checking account ; 2 ) aWells Fargo team member ; 3 ) arecipient of a consumer checking bonus in the past 12 months ( limit 1 bonus per customer ). 

I tried to contact their customer service. The first customer service told me that I not eligible because I don't have a XXXX on file. But I have mailed them XXXX long time ago and their customer specialist confirmed with me that they have received XXXX ( Picture 2 ) The second time they told me I am not eligible because I previously owned a wells fargo account. However, that account was closed when I opened the current checking account ( Picture 3 ) and I didn't receive any account bonus in the past 12 months. As for their terms, I should still be eligible. 

In sum, I hope that I can receive the {$300.00} new checking account bonus as they advertised.","Bank account or service","no",""
"1969","Citizens Bank performed an unauthorized balance transfer on two of my XXXX XXXX XXXXXXXX XXXX XXXX on XX/XX/2022. The credit cards were XXXX and XXXX. XXXX transfer was for {$9000.00} and the other was for {$16000.00}. 

I am not a customer of Citizens Bank and did not authorize these balance transfers. Citizens Bank was not able to provide any information about these transactions as I am not a customer and have no accounts there. 

I disputed the transaction with XXXX XXXX XXXXXXXX, but they claimed that I must have authorized the transaction. I do not understand how I could authorize a transfer to Citizens Bank when I am not a customer or card holder at Citizens Bank.","Credit card","no",""
"1980","Time has already passed but up until now, I havent heard any kind of response from the 3Credit Bureaus which made me decide to seek assistance from you. They have shown negligence and an act of refusal of complying with my request. I know for a fact that they are to comply with the Fair Credit Reporting Act law, to provide proof, documents, and give definite and accurate responses, within the given statutory time. However, if they failed to do so, they are obliged to delete the accounts which are erroneous and unverified.Their unfavorable and unacceptable actions have been hurting my credit scores immensely.Please see below the accounts I am concerned of : XXXX XXXX XXXX XXXX OF XXXX XXXX XXXX OF XXXX XXXX XXXX XXXX XXXX XXXX XXXX XXXX XXXX XXXX XXXXXXXX XXXX XXXXXXXX XXXX XXXX XXXX XXXX","Credit reporting","no",""
"1983","Although the payment was made in full on and before the due date, yet bank charged me a late fee plus interest followed with 37 phone collection calls.

A credit has been issued in the amount of {$27.00} on XX/XX/year>.","Credit card","yes","The writer paid on time but got a late fee, interest and lots of calls, and the product isn't named. I picked Credit card for fixing the fee and interest. Debt collection is possible because of the calls, and Consumer loan is possible if it was a loan."
"1990","I am writing in response to a collection notice or communication I received regarding an alleged debt they claim I owe. Please consider this a formal request for validation of the debt, as provided for by the Fair Debt Collection Practices Act ( FDCPA ), 15 U.S.C. 1692g.","Debt collection","no",""
"1997","My loan to value ( XXXX ) is currently at 75 %. I contacted this company to remove my private mortgage insurance since I am still paying when I no loner required to do so. I previously requested removal of PMI which has not occurred. As a result, I would like it immediately removed and reimbursement of the all PMI since XX/XX/2018 ( when my loan was transferred ). This company continue to state that it takes time or they haven't received my correspondence.","Mortgage","no",""
